date,station_id,city,latitude,longitude,temp_mean_C,temp_min_C,temp_max_C,humidity_pct,wind_speed_ms,wind_gust_ms,precip_mm,snow_depth_cm,pressure_hPa,visibility_km,condition
2018-01-01,STN001,Maple Ridge,49.22,-122.6,7.4,2.7,12.0,92.0,,11.04,0.0,0.0,1013.2,16.7,Clear
2018-01-02,STN004,Riverdale,45.5,-73.57,4.0,-2.5,10.4,92.0,4.17,9.27,0.0,0.0,1004.6,17.4,Clear
2018-01-03,STN004,Riverdale,45.5,-73.57,5.5,-0.3,11.3,86.0,3.5,9.39,0.0,0.0,1021.6,17.8,Clear
2018-01-04,STN003,Prairie Town,41.88,-87.63,4.1,-1.4,9.7,84.0,,7.15,0.0,0.0,1009.4,16.9,Clear
2018-01-05,STN003,Prairie Town,41.88,-87.63,3.8,1.0,6.7,84.0,3.82,8.43,0.0,0.0,1026.4,18.8,Clear
2018-01-06,STN005,Sunfield,29.76,-95.37,3.9,,7.7,90.0,1.75,4.79,0.0,0.0,995.8,17.9,Clear
2018-01-07,STN001,Maple Ridge,49.22,-122.6,4.7,0.3,9.0,91.0,6.57,12.04,0.2,0.0,1013.4,16.3,Light Rain
2018-01-08,STN004,Riverdale,45.5,-73.57,1.4,-1.3,4.2,84.0,2.56,6.43,0.0,0.0,1024.2,19.4,Clear
2018-01-09,STN002,Harborview,34.02,-118.49,7.7,4.4,11.1,83.0,2.49,7.79,0.0,0.0,1005.6,17.6,Clear
2018-01-10,STN001,Maple Ridge,49.22,-122.6,6.8,3.2,10.3,70.0,7.84,9.25,0.0,0.0,1010.9,16.8,Clear
2018-01-11,STN003,Prairie Town,41.88,-87.63,5.8,3.2,8.4,87.0,6.84,9.82,0.0,0.0,1009.1,16.6,Clear
2018-01-12,STN005,Sunfield,29.76,-95.37,5.7,1.0,10.5,90.0,4.94,9.32,0.0,0.0,1007.0,18.8,Clear
2018-01-13,STN004,Riverdale,45.5,-73.57,5.6,0.1,11.2,83.0,1.98,3.19,,0.0,1014.8,14.6,Rain
2018-01-14,STN004,Riverdale,45.5,-73.57,3.4,1.1,5.8,100.0,4.3,5.57,0.0,0.0,1002.2,18.0,Clear
2018-01-15,STN004,Riverdale,45.5,-73.57,7.2,2.8,11.6,77.0,4.3,10.16,0.0,0.0,1011.7,19.0,Clear
2018-01-16,STN004,Riverdale,45.5,-73.57,-1.0,-6.9,4.9,95.0,1.82,4.42,0.0,0.0,1016.9,18.4,Clear
2018-01-17,STN003,Prairie Town,41.88,-87.63,4.1,-1.6,9.9,87.0,1.59,2.68,0.0,0.0,1011.1,18.0,Clear
2018-01-18,STN001,Maple Ridge,49.22,-122.6,-1.9,-7.9,4.2,94.0,1.88,3.87,0.0,0.0,1004.8,17.5,Clear
2018-01-19,STN005,Sunfield,29.76,-95.37,2.6,-1.6,6.9,88.0,3.87,6.25,0.0,0.0,1020.9,17.9,Clear
2018-01-20,STN003,Prairie Town,41.88,-87.63,9.5,3.4,15.6,81.0,1.61,5.35,0.0,0.0,1018.7,18.3,Clear
2018-01-21,STN003,Prairie Town,41.88,-87.63,8.2,5.0,11.4,88.0,1.98,7.52,4.6,0.0,1004.5,14.8,Rain
2018-01-22,STN002,Harborview,34.02,-118.49,4.6,0.8,8.4,96.0,3.0,8.92,0.0,0.0,1002.3,17.8,Clear
2018-01-23,STN001,Maple Ridge,49.22,-122.6,0.1,-2.8,2.9,92.0,3.47,7.38,0.0,0.0,1005.0,18.7,Clear
2018-01-24,STN005,Sunfield,29.76,-95.37,-1.3,-5.7,3.0,99.0,4.6,8.8,0.0,0.0,1016.9,16.8,Clear
2018-01-25,STN004,Riverdale,45.5,-73.57,3.7,-0.3,7.6,83.0,1.95,3.88,0.0,0.0,1015.0,17.2,Clear
2018-01-26,STN004,Riverdale,45.5,-73.57,12.7,9.5,15.9,82.0,7.18,12.32,4.0,0.0,1018.6,16.4,Rain
2018-01-27,STN003,Prairie Town,41.88,-87.63,7.4,1.6,13.1,78.0,2.48,3.78,0.0,0.0,1010.1,17.0,Clear
2018-01-28,STN005,Sunfield,29.76,-95.37,6.3,2.7,9.9,92.0,4.86,5.5,0.0,0.0,1005.1,15.9,Clear
2018-01-29,STN003,Prairie Town,41.88,-87.63,7.7,4.3,11.0,98.0,0.78,6.62,0.0,0.0,1020.3,18.2,Clear
2018-01-30,STN003,Prairie Town,41.88,-87.63,1.7,-0.9,4.4,89.0,3.39,8.57,1.1,0.0,1008.2,16.4,Light Rain
2018-01-31,STN003,Prairie Town,41.88,-87.63,5.6,1.4,9.8,70.0,2.51,4.34,0.0,0.0,1014.2,17.9,Clear
2018-02-01,STN002,Harborview,34.02,-118.49,8.1,4.6,11.6,78.0,5.36,9.41,2.6,0.0,1000.1,16.0,Rain
2018-02-02,STN001,Maple Ridge,49.22,-122.6,5.4,1.5,9.2,94.0,6.39,9.19,0.0,0.0,1007.8,18.5,Clear
2018-02-03,STN003,Prairie Town,41.88,-87.63,9.2,6.0,12.4,85.0,4.44,6.38,0.0,0.0,1020.6,18.3,Clear
2018-02-04,STN005,Sunfield,29.76,-95.37,9.8,4.0,15.6,82.0,10.0,11.72,1.8,0.0,1006.3,16.6,Light Rain
2018-02-05,STN001,Maple Ridge,49.22,-122.6,8.0,1.4,14.7,89.0,1.47,2.29,0.0,0.0,1019.4,16.1,Clear
2018-02-06,STN005,Sunfield,29.76,-95.37,7.0,2.5,11.5,87.0,4.14,7.43,0.0,0.0,993.9,17.0,Clear
2018-02-07,STN005,Sunfield,29.76,-95.37,11.9,6.7,17.1,86.0,2.97,5.65,0.0,0.0,1008.2,18.0,Clear
2018-02-08,STN002,Harborview,34.02,-118.49,13.6,7.2,19.9,82.0,3.94,7.01,,0.0,1011.2,16.4,Rain
2018-02-09,STN004,Riverdale,45.5,-73.57,4.2,-2.8,11.2,98.0,2.11,3.4,0.0,0.0,1026.7,17.2,Clear
2018-02-10,STN001,Maple Ridge,49.22,-122.6,4.0,-1.1,9.1,90.0,5.24,10.87,0.0,0.0,1003.1,17.5,Clear
2018-02-11,STN004,Riverdale,45.5,-73.57,11.4,4.9,17.8,85.0,5.07,8.9,0.0,0.0,1017.9,18.2,Clear
2018-02-12,STN004,Riverdale,45.5,-73.57,6.9,0.4,13.5,82.0,2.85,8.24,0.0,0.0,1021.2,17.5,Clear
2018-02-13,STN002,Harborview,34.02,-118.49,13.6,7.6,,72.0,1.97,2.62,7.1,0.0,1007.0,15.5,Rain
2018-02-14,STN001,Maple Ridge,49.22,-122.6,5.9,1.6,10.2,97.0,3.71,7.44,0.0,0.0,1009.6,16.1,Clear
2018-02-15,STN005,Sunfield,29.76,-95.37,14.6,12.2,17.0,76.0,4.06,9.15,0.0,0.0,1013.7,20.0,Clear
2018-02-16,STN003,Prairie Town,41.88,-87.63,9.0,6.9,11.1,87.0,4.1,6.08,0.0,0.0,1000.7,17.1,Clear
2018-02-17,STN005,Sunfield,29.76,-95.37,11.3,6.9,15.7,79.0,3.97,5.14,1.5,0.0,1009.0,17.2,Light Rain
2018-02-18,STN004,Riverdale,45.5,-73.57,13.0,8.6,17.5,72.0,1.85,3.44,0.0,0.0,1023.0,18.4,Clear
2018-02-19,STN004,Riverdale,45.5,-73.57,7.4,3.4,11.4,83.0,4.04,5.68,0.0,0.0,1016.8,17.1,Clear
2018-02-20,STN004,Riverdale,45.5,-73.57,5.8,1.0,10.7,95.0,3.32,6.0,1.1,0.0,1011.4,16.7,Light Rain
2018-02-21,STN001,Maple Ridge,49.22,-122.6,6.9,2.1,11.6,88.0,6.3,8.26,0.0,0.0,1013.3,17.4,Clear
2018-02-22,STN002,Harborview,34.02,-118.49,12.0,5.8,18.2,66.0,0.14,1.77,7.1,0.0,1017.6,14.3,Rain
2018-02-23,STN003,Prairie Town,41.88,-87.63,4.9,2.4,7.5,85.0,1.5,5.39,6.3,0.0,1019.0,15.4,Rain
2018-02-24,STN003,Prairie Town,41.88,-87.63,11.7,8.6,14.8,90.0,3.26,3.58,0.0,0.0,1008.2,15.6,Clear
2018-02-25,STN001,Maple Ridge,49.22,-122.6,7.2,1.3,13.2,82.0,4.01,6.05,5.1,0.0,1024.9,17.3,Rain
2018-02-26,STN003,Prairie Town,41.88,-87.63,13.6,7.3,,63.0,3.64,7.78,0.0,0.0,1023.2,18.9,Clear
2018-02-27,STN001,Maple Ridge,49.22,-122.6,2.0,-5.0,9.0,100.0,4.71,5.77,11.8,0.0,1017.9,12.9,Rain
2018-02-28,STN004,Riverdale,45.5,-73.57,7.5,1.2,13.9,88.0,2.27,3.6,0.0,0.0,1006.0,15.6,Clear
2018-03-01,STN004,Riverdale,45.5,-73.57,5.0,-1.5,11.4,86.0,2.97,4.18,,0.0,1004.5,16.6,Clear
2018-03-02,STN005,Sunfield,29.76,-95.37,10.1,6.5,13.7,77.0,3.24,3.24,0.0,0.0,1010.1,19.1,Clear
2018-03-03,STN004,Riverdale,45.5,-73.57,11.1,7.1,15.1,86.0,4.61,7.46,0.0,0.0,1013.0,20.0,Clear
2018-03-04,STN002,Harborview,34.02,-118.49,11.7,8.4,15.1,74.0,6.72,6.95,0.0,0.0,998.2,19.0,Clear
2018-03-05,STN005,Sunfield,29.76,-95.37,12.3,7.3,17.3,85.0,4.44,6.08,0.0,0.0,1016.5,18.5,Clear
2018-03-06,STN003,Prairie Town,41.88,-87.63,10.9,4.2,17.6,83.0,0.94,6.91,1.0,0.0,1023.2,17.7,Light Rain
2018-03-07,STN002,Harborview,34.02,-118.49,13.4,9.6,17.1,78.0,3.15,8.66,0.0,0.0,1017.3,16.8,Clear
2018-03-08,STN005,Sunfield,29.76,-95.37,10.5,5.8,15.3,80.0,3.8,5.09,3.0,0.0,1007.2,17.4,Rain
2018-03-09,STN002,Harborview,34.02,-118.49,15.2,11.7,18.7,73.0,1.46,3.32,0.0,0.0,1006.5,16.7,Clear
2018-03-10,STN001,Maple Ridge,49.22,-122.6,13.0,10.1,15.8,84.0,1.96,4.74,2.7,0.0,1015.2,15.2,Rain
2018-03-11,STN003,Prairie Town,41.88,-87.63,13.4,10.4,16.4,70.0,3.86,8.93,0.0,0.0,1011.4,16.6,Clear
2018-03-12,STN004,Riverdale,45.5,-73.57,13.6,11.3,15.8,64.0,3.24,8.06,0.0,0.0,1016.2,19.0,Clear
2018-03-13,STN001,Maple Ridge,49.22,-122.6,12.4,5.6,19.1,81.0,5.71,6.47,0.0,0.0,1017.2,17.5,Clear
2018-03-14,STN003,Prairie Town,41.88,-87.63,18.9,14.9,22.9,74.0,5.25,6.0,0.0,0.0,1021.2,17.9,Clear
2018-03-15,STN001,Maple Ridge,49.22,-122.6,11.6,5.4,17.7,81.0,6.29,8.8,0.9,0.0,1003.3,17.2,Light Rain
2018-03-16,STN004,Riverdale,45.5,-73.57,11.6,6.2,17.1,81.0,1.68,6.9,0.6,0.0,1014.6,16.2,Light Rain
2018-03-17,STN003,Prairie Town,41.88,-87.63,11.0,8.1,14.0,77.0,5.34,10.64,0.0,0.0,1009.6,17.0,Clear
2018-03-18,STN002,Harborview,34.02,-118.49,11.5,8.7,14.4,84.0,1.56,2.2,0.0,0.0,1012.1,16.9,Clear
2018-03-19,STN002,Harborview,34.02,-118.49,11.1,5.0,17.1,78.0,,4.95,3.2,0.0,1019.8,15.0,Rain
2018-03-20,STN003,Prairie Town,41.88,-87.63,11.1,7.8,14.5,75.0,2.49,3.42,0.0,0.0,1020.5,17.2,Clear
2018-03-21,STN004,Riverdale,45.5,-73.57,13.2,6.6,19.8,74.0,1.79,5.91,0.0,0.0,1024.0,16.7,Clear
2018-03-22,STN005,Sunfield,29.76,-95.37,17.0,14.3,19.7,86.0,4.85,10.35,2.1,0.0,1015.9,17.2,Rain
2018-03-23,STN003,Prairie Town,41.88,-87.63,14.5,9.1,19.9,,1.34,4.07,,0.0,1012.0,18.8,Clear
2018-03-24,STN001,Maple Ridge,49.22,-122.6,11.1,5.0,17.2,82.0,5.35,5.85,2.3,0.0,1010.4,15.3,Rain
2018-03-25,STN005,Sunfield,29.76,-95.37,19.2,16.0,22.4,57.0,2.5,5.98,4.6,0.0,998.9,16.1,Rain
2018-03-26,STN004,Riverdale,45.5,-73.57,16.5,13.1,19.9,71.0,5.39,7.84,0.0,0.0,1023.2,19.7,Clear
2018-03-27,STN004,Riverdale,45.5,-73.57,14.0,7.2,20.8,72.0,3.61,8.47,14.6,0.0,1010.1,11.0,Rain
2018-03-28,STN001,Maple Ridge,49.22,-122.6,12.1,8.8,15.4,63.0,4.39,6.43,0.0,0.0,1016.6,18.5,Clear
2018-03-29,STN002,Harborview,34.02,-118.49,18.2,,22.3,73.0,1.02,6.27,0.0,0.0,1018.3,17.9,Clear
2018-03-30,STN004,Riverdale,45.5,-73.57,15.5,11.4,19.7,71.0,5.1,6.74,0.0,0.0,1002.5,19.0,Clear
2018-03-31,STN005,Sunfield,29.76,-95.37,13.2,9.9,16.4,62.0,2.82,3.77,0.0,0.0,1005.3,18.4,Clear
2018-04-01,STN003,Prairie Town,41.88,-87.63,15.6,9.8,21.5,79.0,1.72,3.56,0.0,0.0,1025.2,17.2,Clear
2018-04-02,STN005,Sunfield,29.76,-95.37,18.6,12.8,24.5,80.0,2.73,2.94,0.0,0.0,1015.1,17.7,Clear
2018-04-03,STN005,Sunfield,29.76,-95.37,15.3,11.4,19.2,84.0,3.05,4.74,0.0,0.0,1008.1,17.6,Clear
2018-04-04,STN002,Harborview,34.02,-118.49,18.1,11.9,24.3,73.0,2.32,6.28,0.0,0.0,1011.8,17.7,Clear
2018-04-05,STN005,Sunfield,29.76,-95.37,14.0,10.9,17.0,76.0,,4.5,0.0,0.0,1021.3,16.4,Clear
2018-04-06,STN002,Harborview,34.02,-118.49,21.9,19.9,23.9,75.0,5.51,6.18,0.8,0.0,1019.9,18.7,Light Rain
2018-04-07,STN002,Harborview,34.02,-118.49,21.8,16.9,26.6,,3.24,4.04,0.0,0.0,1000.9,18.7,Clear
2018-04-08,STN004,Riverdale,45.5,-73.57,15.7,8.7,22.7,81.0,1.75,2.22,0.0,0.0,1025.9,16.5,Clear
2018-04-09,STN004,Riverdale,45.5,-73.57,17.7,15.5,19.9,64.0,3.13,8.38,0.0,0.0,1020.4,17.8,Clear
2018-04-10,STN001,Maple Ridge,49.22,-122.6,9.0,6.0,12.1,83.0,2.58,8.25,0.0,0.0,1011.5,17.3,Clear
2018-04-11,STN005,Sunfield,29.76,-95.37,15.9,11.3,20.4,76.0,1.36,1.64,0.0,0.0,1003.3,16.6,Clear
2018-04-12,STN001,Maple Ridge,49.22,-122.6,15.7,9.6,21.7,61.0,2.08,6.64,22.4,0.0,1021.2,7.4,Rain
2018-04-13,STN005,Sunfield,29.76,-95.37,16.4,14.0,18.9,76.0,2.91,7.33,0.0,0.0,1016.5,17.1,Clear
2018-04-14,STN001,Maple Ridge,49.22,-122.6,19.0,15.0,23.0,85.0,3.98,9.96,0.0,0.0,1000.9,17.1,Clear
2018-04-15,STN004,Riverdale,45.5,-73.57,23.6,17.9,29.3,68.0,6.0,8.09,1.8,0.0,1010.5,15.8,Light Rain
2018-04-16,STN004,Riverdale,45.5,-73.57,14.2,10.4,18.1,85.0,0.87,2.58,4.9,0.0,1037.9,15.7,Rain
2018-04-17,STN004,Riverdale,45.5,-73.57,15.4,12.4,18.3,75.0,1.89,4.6,2.0,0.0,1012.9,18.1,Rain
2018-04-18,STN004,Riverdale,45.5,-73.57,18.8,15.8,21.7,69.0,2.24,7.38,0.0,0.0,1006.8,18.8,Clear
2018-04-19,STN003,Prairie Town,41.88,-87.63,23.6,19.5,27.6,66.0,5.49,9.86,0.0,0.0,1004.4,17.9,Clear
2018-04-20,STN004,Riverdale,45.5,-73.57,14.7,10.3,19.1,69.0,3.61,6.44,0.0,0.0,1026.8,16.1,Clear
2018-04-21,STN002,Harborview,34.02,-118.49,21.0,14.7,27.3,60.0,2.51,3.98,6.0,0.0,1019.5,16.5,Rain
2018-04-22,STN004,Riverdale,45.5,-73.57,24.1,18.9,29.3,,2.97,7.33,0.0,0.0,1024.0,18.0,Clear
2018-04-23,STN003,Prairie Town,41.88,-87.63,14.4,8.9,19.8,84.0,3.68,8.81,0.0,0.0,1014.6,17.9,Clear
2018-04-24,STN003,Prairie Town,41.88,-87.63,15.6,8.7,22.6,66.0,2.19,4.59,0.0,0.0,1022.8,19.9,Clear
2018-04-25,STN003,Prairie Town,41.88,-87.63,18.4,14.3,22.4,77.0,5.54,9.55,1.0,0.0,1005.7,16.5,Light Rain
2018-04-26,STN003,Prairie Town,41.88,-87.63,18.2,14.2,22.2,70.0,5.3,7.7,7.5,0.0,1013.8,12.0,Rain
2018-04-27,STN001,Maple Ridge,49.22,-122.6,21.2,14.6,27.9,69.0,3.63,6.5,0.0,0.0,1014.9,16.9,Clear
2018-04-28,STN001,Maple Ridge,49.22,-122.6,19.7,16.4,22.9,72.0,6.66,9.8,0.0,0.0,1023.4,18.3,Clear
2018-04-29,STN002,Harborview,34.02,-118.49,16.0,10.4,21.7,80.0,0.58,5.24,,0.0,1015.5,16.8,Rain
2018-04-30,STN001,Maple Ridge,49.22,-122.6,20.8,15.0,26.5,68.0,8.13,14.0,0.0,0.0,1007.2,16.8,Clear
2018-05-01,STN003,Prairie Town,41.88,-87.63,18.7,16.2,21.2,79.0,8.84,11.5,17.2,0.0,1012.6,9.3,Rain
2018-05-02,STN004,Riverdale,45.5,-73.57,23.9,19.5,28.2,66.0,1.76,3.81,1.4,0.0,999.4,17.1,Light Rain
2018-05-03,STN004,Riverdale,45.5,-73.57,18.3,15.3,,,2.45,4.69,0.0,0.0,994.2,16.5,Clear
2018-05-04,STN003,Prairie Town,41.88,-87.63,18.9,16.0,21.9,63.0,3.15,3.95,0.0,0.0,1019.3,18.6,Clear
2018-05-05,STN005,Sunfield,29.76,-95.37,24.4,20.1,28.7,78.0,1.44,3.23,0.0,0.0,1009.9,17.3,Clear
2018-05-06,STN003,Prairie Town,41.88,-87.63,23.4,19.9,26.8,67.0,4.11,4.63,0.0,0.0,1010.5,17.4,Clear
2018-05-07,STN001,Maple Ridge,49.22,-122.6,21.4,15.5,27.4,71.0,2.07,4.64,0.0,0.0,1019.4,17.1,Clear
2018-05-08,STN004,Riverdale,45.5,-73.57,15.7,9.2,22.3,62.0,4.22,5.22,3.0,0.0,1023.8,17.2,Rain
2018-05-09,STN003,Prairie Town,41.88,-87.63,23.0,17.0,29.1,59.0,3.7,5.78,0.0,0.0,1016.9,18.3,Clear
2018-05-10,STN004,Riverdale,45.5,-73.57,17.9,14.6,21.2,79.0,3.42,8.19,0.0,0.0,1028.1,17.8,Clear
2018-05-11,STN003,Prairie Town,41.88,-87.63,22.4,19.0,25.7,67.0,1.76,3.23,0.0,0.0,1016.8,18.2,Clear
2018-05-12,STN003,Prairie Town,41.88,-87.63,17.5,14.2,20.8,58.0,2.84,6.51,0.0,0.0,1015.1,18.2,Clear
2018-05-13,STN001,Maple Ridge,49.22,-122.6,22.1,19.4,24.8,73.0,5.23,10.64,0.0,0.0,1014.4,16.8,Clear
2018-05-14,STN003,Prairie Town,41.88,-87.63,19.6,12.8,26.3,65.0,5.84,9.24,12.5,0.0,1002.1,12.3,Rain
2018-05-15,STN004,Riverdale,45.5,-73.57,17.7,13.7,21.7,81.0,1.49,2.66,2.6,0.0,1020.5,16.1,Rain
2018-05-16,STN002,Harborview,34.02,-118.49,25.5,22.4,28.6,61.0,1.2,3.27,0.0,0.0,993.3,20.0,Clear
2018-05-17,STN004,Riverdale,45.5,-73.57,22.5,16.2,28.7,66.0,3.06,6.6,0.0,0.0,1008.0,16.7,Clear
2018-05-18,STN001,Maple Ridge,49.22,-122.6,19.4,15.4,23.4,77.0,1.41,4.45,2.5,0.0,1013.0,16.3,Rain
2018-05-19,STN002,Harborview,34.02,-118.49,28.0,25.8,30.2,52.0,5.78,6.67,2.4,0.0,1006.1,17.6,Rain
2018-05-20,STN003,Prairie Town,41.88,-87.63,21.2,18.4,24.0,60.0,5.94,8.62,0.0,0.0,1008.8,17.9,Clear
2018-05-21,STN005,Sunfield,29.76,-95.37,24.6,19.4,29.7,61.0,4.89,8.15,0.5,0.0,1027.2,19.0,Light Rain
2018-05-22,STN002,Harborview,34.02,-118.49,24.7,18.8,30.6,68.0,2.89,4.49,0.9,0.0,1021.5,17.3,Light Rain
2018-05-23,STN002,Harborview,34.02,-118.49,22.1,19.1,25.2,56.0,1.42,5.09,0.0,0.0,1007.4,18.1,Clear
2018-05-24,STN003,Prairie Town,41.88,-87.63,24.3,17.7,30.9,51.0,0.85,1.27,0.0,0.0,1009.2,19.3,Clear
2018-05-25,STN005,Sunfield,29.76,-95.37,23.2,16.9,29.4,70.0,,6.58,0.0,0.0,1002.3,19.7,Clear
2018-05-26,STN005,Sunfield,29.76,-95.37,23.6,17.4,29.9,59.0,4.36,9.19,0.0,0.0,1018.2,19.6,Clear
2018-05-27,STN001,Maple Ridge,49.22,-122.6,26.1,23.0,29.2,58.0,2.61,4.16,0.0,0.0,1010.7,18.1,Clear
2018-05-28,STN002,Harborview,34.02,-118.49,21.2,19.0,23.5,54.0,4.38,8.01,0.0,0.0,996.8,18.3,Clear
2018-05-29,STN005,Sunfield,29.76,-95.37,17.8,11.5,24.2,66.0,3.93,6.39,0.1,0.0,1013.4,18.0,Light Rain
2018-05-30,STN001,Maple Ridge,49.22,-122.6,27.0,23.5,30.6,60.0,1.26,3.16,12.7,0.0,1016.4,13.3,Rain
2018-05-31,STN005,Sunfield,29.76,-95.37,32.8,27.7,37.9,59.0,2.28,7.77,0.0,0.0,1020.5,17.4,Clear
2018-06-01,STN002,Harborview,34.02,-118.49,23.4,17.6,29.2,59.0,4.64,6.7,0.0,0.0,1011.9,19.2,Clear
2018-06-02,STN005,Sunfield,29.76,-95.37,19.5,16.8,22.1,80.0,3.48,4.9,0.0,0.0,1009.7,17.8,Clear
2018-06-03,STN002,Harborview,34.02,-118.49,23.8,17.9,29.7,59.0,5.68,11.14,8.1,0.0,1028.3,14.9,Rain
2018-06-04,STN003,Prairie Town,41.88,-87.63,22.7,16.0,29.4,60.0,2.97,7.44,0.0,0.0,1012.8,16.9,Clear
2018-06-05,STN004,Riverdale,45.5,-73.57,22.5,16.9,28.2,76.0,6.7,10.79,0.0,0.0,1018.1,17.8,Clear
2018-06-06,STN001,Maple Ridge,49.22,-122.6,19.2,15.0,23.4,70.0,5.47,5.77,0.0,0.0,1008.1,16.0,Clear
2018-06-07,STN003,Prairie Town,41.88,-87.63,25.4,19.1,31.8,58.0,5.86,6.65,0.0,0.0,1017.9,17.7,Clear
2018-06-08,STN003,Prairie Town,41.88,-87.63,25.3,20.7,30.0,61.0,4.2,8.03,0.0,0.0,1000.9,17.6,Clear
2018-06-09,STN004,Riverdale,45.5,-73.57,18.8,13.0,24.5,79.0,1.34,2.6,0.0,0.0,1009.2,17.9,Clear
2018-06-10,STN005,Sunfield,29.76,-95.37,27.7,21.6,33.8,69.0,2.49,3.84,0.0,0.0,1003.1,19.8,Clear
2018-06-11,STN004,Riverdale,45.5,-73.57,29.5,23.7,35.2,51.0,7.63,12.3,0.0,0.0,1007.4,19.0,Clear
2018-06-12,STN003,Prairie Town,41.88,-87.63,24.4,20.9,27.8,62.0,2.32,4.04,0.0,0.0,1022.8,19.6,Clear
2018-06-13,STN003,Prairie Town,41.88,-87.63,22.9,20.3,25.5,65.0,4.01,4.44,0.0,0.0,1007.7,18.7,Clear
2018-06-14,STN003,Prairie Town,41.88,-87.63,23.5,20.3,26.7,57.0,6.34,6.56,1.3,0.0,1018.1,18.9,Light Rain
2018-06-15,STN005,Sunfield,29.76,-95.37,27.6,23.1,32.1,59.0,6.06,8.72,3.2,0.0,1024.5,18.8,Rain
2018-06-16,STN002,Harborview,34.02,-118.49,19.9,15.4,24.5,68.0,5.32,9.03,,0.0,1012.2,17.2,Clear
2018-06-17,STN001,Maple Ridge,49.22,-122.6,23.3,,28.3,72.0,5.5,10.71,0.0,0.0,1020.4,17.0,Clear
2018-06-18,STN002,Harborview,34.02,-118.49,24.0,20.0,27.9,72.0,4.92,5.59,0.0,0.0,1016.8,18.5,Clear
2018-06-19,STN001,Maple Ridge,49.22,-122.6,28.4,22.5,34.3,56.0,5.18,6.36,2.5,0.0,1013.4,17.3,Rain
2018-06-20,STN001,Maple Ridge,49.22,-122.6,22.3,15.8,28.9,64.0,3.26,6.44,0.0,0.0,1018.7,18.3,Clear
2018-06-21,STN001,Maple Ridge,49.22,-122.6,27.9,24.6,31.1,63.0,,7.3,0.0,0.0,1027.2,17.9,Clear
2018-06-22,STN004,Riverdale,45.5,-73.57,20.1,14.4,25.8,64.0,3.28,6.17,0.0,0.0,1007.6,17.5,Clear
2018-06-23,STN004,Riverdale,45.5,-73.57,25.2,19.8,30.6,66.0,6.23,11.78,5.8,0.0,1004.7,17.3,Rain
2018-06-24,STN004,Riverdale,45.5,-73.57,24.4,19.7,29.0,62.0,3.32,6.59,0.0,0.0,1004.5,17.0,Clear
2018-06-25,STN003,Prairie Town,41.88,-87.63,21.3,18.4,24.3,60.0,5.19,7.68,0.7,0.0,1020.4,18.6,Light Rain
2018-06-26,STN004,Riverdale,45.5,-73.57,23.9,17.9,29.9,57.0,3.58,9.52,0.0,0.0,1021.7,18.8,Clear
2018-06-27,STN001,Maple Ridge,49.22,-122.6,26.4,19.6,33.2,70.0,1.45,1.84,9.8,0.0,1008.6,12.4,Rain
2018-06-28,STN005,Sunfield,29.76,-95.37,24.7,19.1,30.3,61.0,7.45,13.04,0.7,0.0,995.2,17.1,Light Rain
2018-06-29,STN003,Prairie Town,41.88,-87.63,18.8,12.2,25.4,81.0,2.88,5.89,2.3,0.0,1007.3,16.0,Rain
2018-06-30,STN005,Sunfield,29.76,-95.37,25.6,18.7,32.5,58.0,2.4,5.43,0.0,0.0,1017.1,18.8,Clear
2018-07-01,STN001,Maple Ridge,49.22,-122.6,20.0,16.2,23.8,70.0,1.23,6.76,0.0,0.0,1012.3,17.5,Clear
2018-07-02,STN003,Prairie Town,41.88,-87.63,22.7,17.5,27.9,81.0,3.29,6.33,0.0,0.0,1014.1,17.5,Clear
2018-07-03,STN004,Riverdale,45.5,-73.57,22.9,18.6,27.3,57.0,3.15,5.78,0.0,0.0,1008.5,16.8,Clear
2018-07-04,STN003,Prairie Town,41.88,-87.63,18.6,11.6,25.5,56.0,6.44,8.07,0.0,0.0,1020.5,20.0,Clear
2018-07-05,STN003,Prairie Town,41.88,-87.63,18.8,16.3,21.3,78.0,4.93,8.89,0.0,0.0,1015.3,17.7,Clear
2018-07-06,STN001,Maple Ridge,49.22,-122.6,24.0,19.9,28.0,57.0,1.83,5.25,0.0,0.0,1017.5,18.8,Clear
2018-07-07,STN002,Harborview,34.02,-118.49,23.2,16.8,29.5,64.0,3.03,4.31,0.0,0.0,1014.0,17.5,Clear
2018-07-08,STN002,Harborview,34.02,-118.49,17.0,13.6,20.4,68.0,4.01,8.27,0.0,0.0,1016.8,17.3,Clear
2018-07-09,STN002,Harborview,34.02,-118.49,27.0,21.1,32.9,61.0,6.85,10.71,0.0,0.0,1016.0,20.0,Clear
2018-07-10,STN004,Riverdale,45.5,-73.57,23.7,19.8,27.6,57.0,0.96,3.34,0.0,0.0,1005.5,16.4,Clear
2018-07-11,STN004,Riverdale,45.5,-73.57,20.7,13.8,27.6,66.0,2.78,2.81,4.9,0.0,1015.7,16.3,Rain
2018-07-12,STN004,Riverdale,45.5,-73.57,18.8,12.4,25.2,,2.03,4.71,0.0,0.0,1019.1,16.6,Clear
2018-07-13,STN002,Harborview,34.02,-118.49,26.9,23.4,30.4,53.0,3.76,3.8,4.5,0.0,1021.9,16.2,Rain
2018-07-14,STN005,Sunfield,29.76,-95.37,26.0,20.2,31.9,56.0,3.64,4.09,1.8,0.0,1016.0,17.0,Light Rain
2018-07-15,STN001,Maple Ridge,49.22,-122.6,29.1,25.4,32.8,55.0,4.84,7.43,0.0,0.0,1004.8,17.4,Clear
2018-07-16,STN002,Harborview,34.02,-118.49,25.4,20.4,30.5,51.0,3.51,4.01,0.0,0.0,1006.2,18.5,Clear
2018-07-17,STN001,Maple Ridge,49.22,-122.6,23.0,17.7,28.3,61.0,4.0,5.65,0.0,0.0,1009.1,15.6,Clear
2018-07-18,STN002,Harborview,34.02,-118.49,23.5,17.4,29.7,65.0,3.77,7.71,4.6,0.0,1014.1,15.9,Rain
2018-07-19,STN005,Sunfield,29.76,-95.37,27.0,24.9,29.2,57.0,1.6,3.45,0.0,0.0,1011.9,18.2,Clear
2018-07-20,STN002,Harborview,34.02,-118.49,25.7,22.6,28.8,59.0,2.2,8.19,0.0,0.0,1003.8,16.9,Clear
2018-07-21,STN005,Sunfield,29.76,-95.37,28.2,22.6,33.7,58.0,,7.9,0.0,0.0,1003.7,19.8,Clear
2018-07-22,STN003,Prairie Town,41.88,-87.63,21.0,16.1,25.8,62.0,9.88,13.39,0.0,0.0,995.2,17.5,Clear
2018-07-23,STN004,Riverdale,45.5,-73.57,20.6,16.1,25.1,72.0,1.42,7.23,4.9,0.0,987.9,15.6,Rain
2018-07-24,STN003,Prairie Town,41.88,-87.63,20.9,18.6,23.2,77.0,1.74,6.95,0.0,0.0,1011.8,17.1,Clear
2018-07-25,STN002,Harborview,34.02,-118.49,25.8,22.0,29.5,58.0,0.57,2.48,0.0,0.0,1031.5,18.2,Clear
2018-07-26,STN004,Riverdale,45.5,-73.57,,19.8,32.4,64.0,3.53,8.02,0.0,0.0,1027.0,19.4,Clear
2018-07-27,STN005,Sunfield,29.76,-95.37,22.5,20.3,24.6,63.0,5.04,5.86,0.0,0.0,1004.7,20.0,Clear
2018-07-28,STN002,Harborview,34.02,-118.49,21.8,17.9,25.8,68.0,4.82,8.92,0.0,0.0,1013.7,18.7,Clear
2018-07-29,STN004,Riverdale,45.5,-73.57,22.2,15.5,29.0,76.0,3.76,6.71,0.0,0.0,1000.9,18.8,Clear
2018-07-30,STN002,Harborview,34.02,-118.49,,19.9,24.4,69.0,3.82,3.92,0.0,0.0,1002.1,19.6,Clear
2018-07-31,STN004,Riverdale,45.5,-73.57,23.9,18.2,,51.0,3.3,4.94,,0.0,1003.1,18.5,Light Rain
2018-08-01,STN004,Riverdale,45.5,-73.57,14.2,10.9,17.5,78.0,3.64,9.37,3.5,0.0,1010.8,17.8,Rain
2018-08-02,STN003,Prairie Town,41.88,-87.63,18.9,12.6,25.2,78.0,4.54,6.44,0.0,0.0,1011.1,18.5,Clear
2018-08-03,STN004,Riverdale,45.5,-73.57,18.4,12.7,24.1,68.0,9.13,10.22,0.0,0.0,1014.1,18.1,Clear
2018-08-04,STN002,Harborview,34.02,-118.49,15.4,8.9,21.8,81.0,6.45,7.58,0.0,0.0,1017.7,17.9,Clear
2018-08-05,STN001,Maple Ridge,49.22,-122.6,17.0,14.0,20.1,67.0,5.59,8.46,0.0,0.0,1009.7,16.2,Clear
2018-08-06,STN001,Maple Ridge,49.22,-122.6,17.1,12.4,21.7,61.0,6.52,11.58,0.0,0.0,1012.6,18.5,Clear
2018-08-07,STN003,Prairie Town,41.88,-87.63,20.2,14.3,26.1,69.0,1.58,6.13,0.0,0.0,1004.1,16.4,Clear
2018-08-08,STN005,Sunfield,29.76,-95.37,25.8,22.6,29.0,49.0,5.61,8.23,0.0,0.0,1001.7,16.9,Clear
2018-08-09,STN001,Maple Ridge,49.22,-122.6,18.7,15.5,21.8,68.0,6.77,8.02,0.0,0.0,1000.3,18.2,Clear
2018-08-10,STN003,Prairie Town,41.88,-87.63,17.3,15.2,19.4,80.0,1.14,1.41,0.0,0.0,1018.1,16.5,Clear
2018-08-11,STN004,Riverdale,45.5,-73.57,19.6,12.8,26.3,55.0,2.62,5.4,0.0,0.0,1010.0,18.3,Clear
2018-08-12,STN002,Harborview,34.02,-118.49,24.5,18.9,30.0,54.0,5.04,9.93,0.0,0.0,997.5,18.5,Clear
2018-08-13,STN004,Riverdale,45.5,-73.57,16.5,11.3,21.7,65.0,2.34,6.71,0.0,0.0,1012.3,18.2,Clear
2018-08-14,STN002,Harborview,34.02,-118.49,18.3,12.6,24.0,70.0,,4.91,0.0,0.0,1002.8,17.0,Clear
2018-08-15,STN005,Sunfield,29.76,-95.37,23.2,18.6,27.9,62.0,5.2,8.77,0.0,0.0,1025.8,19.1,Clear
2018-08-16,STN003,Prairie Town,41.88,-87.63,18.9,14.5,23.3,79.0,5.13,7.75,4.1,0.0,1007.9,15.9,Rain
2018-08-17,STN003,Prairie Town,41.88,-87.63,21.4,17.1,25.6,73.0,1.43,4.9,0.0,0.0,1018.3,18.3,Clear
2018-08-18,STN001,Maple Ridge,49.22,-122.6,18.1,12.9,23.4,74.0,2.95,6.05,,0.0,1021.4,16.6,Clear
2018-08-19,STN003,Prairie Town,41.88,-87.63,21.2,18.2,24.3,68.0,3.01,7.1,2.3,0.0,1005.1,16.9,Rain
2018-08-20,STN005,Sunfield,29.76,-95.37,17.7,11.3,24.1,74.0,1.63,4.68,0.0,0.0,1013.4,18.9,Clear
2018-08-21,STN001,Maple Ridge,49.22,-122.6,17.7,11.7,23.8,65.0,2.41,8.05,0.0,0.0,1017.2,19.0,Clear
2018-08-22,STN004,Riverdale,45.5,-73.57,17.5,13.8,21.3,77.0,0.77,3.34,0.0,0.0,1013.8,16.9,Clear
2018-08-23,STN003,Prairie Town,41.88,-87.63,14.9,10.0,19.8,66.0,2.44,2.54,0.0,0.0,1015.6,17.5,Clear
2018-08-24,STN004,Riverdale,45.5,-73.57,13.2,10.5,15.9,82.0,3.25,4.67,0.0,0.0,1002.0,16.5,Clear
2018-08-25,STN004,Riverdale,45.5,-73.57,19.7,12.9,26.6,77.0,2.7,5.7,1.4,0.0,1017.2,16.5,Light Rain
2018-08-26,STN003,Prairie Town,41.88,-87.63,17.0,10.5,23.5,73.0,5.23,8.47,,0.0,1008.6,16.4,Clear
2018-08-27,STN002,Harborview,34.02,-118.49,16.0,9.4,22.6,72.0,5.28,8.6,0.0,0.0,1015.3,17.7,Clear
2018-08-28,STN004,Riverdale,45.5,-73.57,16.9,13.3,20.6,74.0,3.86,8.15,0.0,0.0,1020.0,18.4,Clear
2018-08-29,STN001,Maple Ridge,49.22,-122.6,19.9,17.0,22.7,48.0,2.56,4.21,0.0,0.0,1018.1,17.8,Clear
2018-08-30,STN003,Prairie Town,41.88,-87.63,,7.5,13.7,81.0,0.88,4.86,0.0,0.0,1015.7,17.5,Clear
2018-08-31,STN001,Maple Ridge,49.22,-122.6,11.7,9.2,14.1,77.0,1.61,5.84,0.3,0.0,1018.0,17.4,Light Rain
2018-09-01,STN004,Riverdale,45.5,-73.57,13.8,11.2,16.4,75.0,5.16,7.63,0.0,0.0,1018.0,18.8,Clear
2018-09-02,STN004,Riverdale,45.5,-73.57,20.8,18.4,23.2,72.0,,3.61,2.4,0.0,1024.8,16.3,Rain
2018-09-03,STN001,Maple Ridge,49.22,-122.6,16.5,9.6,23.5,72.0,0.87,1.94,0.0,0.0,1012.6,17.3,Clear
2018-09-04,STN004,Riverdale,45.5,-73.57,18.4,16.0,20.8,62.0,2.99,5.48,2.8,0.0,1014.0,16.2,Rain
2018-09-05,STN003,Prairie Town,41.88,-87.63,13.0,10.4,15.7,75.0,5.77,10.49,0.0,0.0,1019.9,16.6,Clear
2018-09-06,STN004,Riverdale,45.5,-73.57,12.4,6.3,18.5,78.0,,9.97,0.0,0.0,1008.6,18.2,Clear
2018-09-07,STN001,Maple Ridge,49.22,-122.6,16.4,11.5,21.3,73.0,5.59,9.15,0.0,0.0,1001.8,17.7,Clear
2018-09-08,STN001,Maple Ridge,49.22,-122.6,,9.2,20.9,75.0,2.8,4.6,0.4,0.0,1016.7,17.6,Light Rain
2018-09-09,STN003,Prairie Town,41.88,-87.63,17.4,12.3,22.6,78.0,3.42,7.51,0.0,0.0,1011.0,18.9,Clear
2018-09-10,STN001,Maple Ridge,49.22,-122.6,14.0,7.5,20.4,68.0,3.1,7.54,0.0,0.0,1003.0,19.3,Clear
2018-09-11,STN002,Harborview,34.02,-118.49,17.5,12.3,22.7,72.0,4.6,6.59,0.0,0.0,1016.5,16.2,Clear
2018-09-12,STN004,Riverdale,45.5,-73.57,15.2,10.6,19.8,83.0,3.11,8.06,2.8,0.0,1024.1,17.0,Rain
2018-09-13,STN001,Maple Ridge,49.22,-122.6,16.3,10.8,21.9,60.0,4.82,5.26,0.0,0.0,999.5,18.4,Clear
2018-09-14,STN004,Riverdale,45.5,-73.57,16.8,12.6,21.0,73.0,2.95,3.02,0.0,0.0,1020.9,17.3,Clear
2018-09-15,STN001,Maple Ridge,49.22,-122.6,8.8,5.1,12.5,77.0,2.72,3.46,0.0,0.0,992.4,18.0,Clear
2018-09-16,STN001,Maple Ridge,49.22,-122.6,6.7,2.4,11.1,81.0,3.67,4.6,17.0,0.0,1009.4,9.0,Rain
2018-09-17,STN003,Prairie Town,41.88,-87.63,17.4,14.6,20.3,65.0,2.1,7.37,0.0,0.0,1027.5,19.5,Clear
2018-09-18,STN004,Riverdale,45.5,-73.57,17.3,11.3,23.3,70.0,11.47,14.02,0.0,0.0,1009.2,18.4,Clear
2018-09-19,STN001,Maple Ridge,49.22,-122.6,9.9,6.6,13.2,93.0,3.56,5.21,8.4,0.0,1013.4,13.0,Rain
2018-09-20,STN002,Harborview,34.02,-118.49,9.5,,12.3,72.0,3.81,6.38,0.0,0.0,1018.7,17.3,Clear
2018-09-21,STN005,Sunfield,29.76,-95.37,15.8,12.6,19.1,,3.75,6.12,0.0,0.0,998.9,16.4,Clear
2018-09-22,STN005,Sunfield,29.76,-95.37,18.2,12.0,24.4,61.0,0.69,2.5,0.0,0.0,1013.5,17.9,Clear
2018-09-23,STN003,Prairie Town,41.88,-87.63,18.8,15.1,22.4,82.0,3.95,4.77,0.0,0.0,1013.1,17.1,Clear
2018-09-24,STN003,Prairie Town,41.88,-87.63,14.8,9.3,20.2,71.0,4.92,8.86,12.2,0.0,1027.4,11.7,Rain
2018-09-25,STN002,Harborview,34.02,-118.49,13.1,6.8,19.4,76.0,3.59,4.41,12.1,0.0,1002.8,13.7,Rain
2018-09-26,STN004,Riverdale,45.5,-73.57,9.7,7.3,12.0,78.0,3.94,8.59,0.0,0.0,1009.6,18.9,Clear
2018-09-27,STN003,Prairie Town,41.88,-87.63,12.7,6.9,18.6,70.0,3.62,4.83,0.0,0.0,1005.2,17.9,Clear
2018-09-28,STN002,Harborview,34.02,-118.49,12.8,9.3,16.4,75.0,5.23,9.61,0.0,0.0,1004.2,17.4,Clear
2018-09-29,STN001,Maple Ridge,49.22,-122.6,8.2,5.1,11.3,99.0,2.9,7.73,6.0,0.0,1021.7,15.1,Rain
2018-09-30,STN001,Maple Ridge,49.22,-122.6,17.2,11.8,22.7,81.0,2.53,3.28,17.2,0.0,1013.0,10.7,Rain
2018-10-01,STN005,Sunfield,29.76,-95.37,19.2,12.6,25.7,63.0,3.23,3.75,13.6,0.0,1008.2,11.6,Rain
2018-10-02,STN003,Prairie Town,41.88,-87.63,15.3,11.8,18.7,78.0,3.68,9.37,0.0,0.0,1008.5,17.0,Clear
2018-10-03,STN003,Prairie Town,41.88,-87.63,8.9,4.1,13.8,75.0,3.3,6.08,0.0,0.0,1008.2,17.4,Clear
2018-10-04,STN003,Prairie Town,41.88,-87.63,14.1,10.6,17.5,63.0,3.38,7.16,0.0,0.0,1008.9,18.4,Clear
2018-10-05,STN004,Riverdale,45.5,-73.57,12.7,8.0,17.5,84.0,3.95,4.09,0.0,0.0,1002.5,17.5,Clear
2018-10-06,STN001,Maple Ridge,49.22,-122.6,11.4,6.3,16.5,86.0,0.68,2.35,1.8,0.0,1010.9,16.9,Light Rain
2018-10-07,STN001,Maple Ridge,49.22,-122.6,13.7,8.6,18.7,83.0,8.23,11.26,0.0,0.0,1009.3,16.0,Clear
2018-10-08,STN002,Harborview,34.02,-118.49,13.9,8.8,19.1,72.0,3.3,8.62,6.8,0.0,1006.6,15.8,Rain
2018-10-09,STN003,Prairie Town,41.88,-87.63,12.9,10.2,15.6,75.0,3.75,5.38,0.0,0.0,1013.9,17.7,Clear
2018-10-10,STN004,Riverdale,45.5,-73.57,11.9,6.4,17.4,83.0,5.26,9.91,0.0,0.0,1014.4,20.0,Clear
2018-10-11,STN003,Prairie Town,41.88,-87.63,11.4,6.0,16.8,81.0,,7.2,0.0,0.0,1008.2,17.2,Clear
2018-10-12,STN003,Prairie Town,41.88,-87.63,4.9,-0.6,10.3,83.0,4.28,4.97,0.0,0.0,1011.4,17.8,Clear
2018-10-13,STN005,Sunfield,29.76,-95.37,12.1,9.8,14.5,66.0,7.89,9.65,0.0,0.0,1029.5,20.0,Clear
2018-10-14,STN001,Maple Ridge,49.22,-122.6,7.1,2.9,11.4,84.0,3.89,5.32,0.0,0.0,1029.6,17.7,Clear
2018-10-15,STN003,Prairie Town,41.88,-87.63,5.9,1.9,9.9,92.0,5.58,8.23,0.4,0.0,1004.0,17.0,Light Rain
2018-10-16,STN003,Prairie Town,41.88,-87.63,14.6,12.2,17.1,66.0,4.62,8.43,2.2,0.0,1005.2,16.2,Rain
2018-10-17,STN003,Prairie Town,41.88,-87.63,14.6,11.5,17.7,79.0,3.26,5.87,0.0,0.0,1004.2,19.2,Clear
2018-10-18,STN005,Sunfield,29.76,-95.37,15.2,11.0,19.4,76.0,3.51,4.97,12.4,0.0,1021.1,11.6,Rain
2018-10-19,STN002,Harborview,34.02,-118.49,11.1,5.4,16.8,84.0,1.89,6.07,1.2,0.0,1009.6,17.4,Light Rain
2018-10-20,STN005,Sunfield,29.76,-95.37,14.8,11.7,18.0,80.0,3.85,7.36,3.9,0.0,1014.5,15.5,Rain
2018-10-21,STN002,Harborview,34.02,-118.49,10.0,3.9,16.2,75.0,3.35,6.46,1.7,0.0,1028.6,16.9,Light Rain
2018-10-22,STN003,Prairie Town,41.88,-87.63,9.3,4.6,14.0,70.0,3.03,6.36,0.0,0.0,1012.6,16.5,Clear
2018-10-23,STN003,Prairie Town,41.88,-87.63,5.3,-0.5,11.1,82.0,1.92,3.26,0.0,0.0,1018.5,18.9,Clear
2018-10-24,STN005,Sunfield,29.76,-95.37,11.4,7.0,15.8,85.0,3.4,7.48,4.3,0.0,1016.8,15.5,Rain
2018-10-25,STN003,Prairie Town,41.88,-87.63,8.4,3.9,12.9,78.0,6.39,8.72,0.0,0.0,1007.7,16.4,Clear
2018-10-26,STN002,Harborview,34.02,-118.49,5.4,0.3,10.5,81.0,1.9,4.08,14.2,0.0,1021.3,13.1,Rain
2018-10-27,STN001,Maple Ridge,49.22,-122.6,6.7,0.1,13.4,71.0,3.65,4.55,0.0,0.0,1005.8,17.4,Clear
2018-10-28,STN002,Harborview,34.02,-118.49,8.8,4.3,13.2,94.0,2.33,5.91,0.6,0.0,1023.5,17.3,Light Rain
2018-10-29,STN005,Sunfield,29.76,-95.37,14.9,10.3,19.6,80.0,2.64,6.25,0.0,0.0,1008.0,18.4,Clear
2018-10-30,STN001,Maple Ridge,49.22,-122.6,9.1,4.1,14.2,86.0,0.77,2.81,0.0,0.0,1009.1,17.9,Clear
2018-10-31,STN005,Sunfield,29.76,-95.37,9.3,3.6,15.0,88.0,6.01,11.17,0.0,0.0,1003.7,15.2,Clear
2018-11-01,STN003,Prairie Town,41.88,-87.63,8.1,5.7,10.4,86.0,1.48,6.56,17.7,0.0,1005.5,11.0,Rain
2018-11-02,STN001,Maple Ridge,49.22,-122.6,6.2,1.6,10.8,83.0,3.64,4.3,4.0,0.0,1009.2,15.8,Rain
2018-11-03,STN002,Harborview,34.02,-118.49,7.6,3.2,12.0,82.0,3.71,7.88,6.9,0.0,993.2,14.4,Rain
2018-11-04,STN003,Prairie Town,41.88,-87.63,3.7,-2.9,10.3,85.0,4.19,6.56,,0.0,1010.7,17.4,Clear
2018-11-05,STN002,Harborview,34.02,-118.49,7.5,3.1,12.0,100.0,1.8,7.8,15.0,0.0,1008.8,9.4,Rain
2018-11-06,STN001,Maple Ridge,49.22,-122.6,3.4,-1.0,7.7,92.0,5.29,6.64,0.0,0.0,1018.8,17.4,Clear
2018-11-07,STN004,Riverdale,45.5,-73.57,2.3,-4.5,9.1,86.0,2.84,4.52,0.0,0.0,1016.1,16.1,Clear
2018-11-08,STN004,Riverdale,45.5,-73.57,7.5,3.2,11.7,86.0,3.21,5.87,0.0,0.0,1007.0,17.1,Clear
2018-11-09,STN001,Maple Ridge,49.22,-122.6,6.4,3.5,9.3,77.0,1.68,3.29,0.0,0.0,1009.2,17.8,Clear
2018-11-10,STN002,Harborview,34.02,-118.49,2.1,-1.0,5.1,100.0,1.94,6.09,1.5,0.0,1010.9,17.5,Light Rain
2018-11-11,STN002,Harborview,34.02,-118.49,6.9,4.5,9.4,79.0,1.01,3.89,0.0,0.0,1024.8,16.8,Clear
2018-11-12,STN004,Riverdale,45.5,-73.57,8.5,6.5,10.5,85.0,0.21,1.54,5.4,0.0,1006.4,16.7,Rain
2018-11-13,STN004,Riverdale,45.5,-73.57,8.6,4.4,12.7,89.0,5.97,9.01,0.0,0.0,1006.6,18.3,Clear
2018-11-14,STN004,Riverdale,45.5,-73.57,,2.5,14.2,85.0,0.77,6.1,0.0,0.0,1003.9,17.0,Clear
2018-11-15,STN005,Sunfield,29.76,-95.37,7.7,2.0,13.3,83.0,3.28,8.04,3.7,0.0,1000.8,14.9,Rain
2018-11-16,STN004,Riverdale,45.5,-73.57,2.5,0.4,4.7,89.0,6.55,9.54,0.0,0.0,1014.8,15.9,Clear
2018-11-17,STN002,Harborview,34.02,-118.49,3.5,-1.4,8.3,87.0,3.39,5.12,4.9,0.0,1014.3,15.7,Rain
2018-11-18,STN001,Maple Ridge,49.22,-122.6,5.4,2.6,8.1,82.0,1.65,2.73,9.0,0.0,1023.1,13.2,Rain
2018-11-19,STN004,Riverdale,45.5,-73.57,5.9,-0.8,12.7,82.0,6.67,11.94,0.0,0.0,1020.7,18.7,Clear
2018-11-20,STN005,Sunfield,29.76,-95.37,10.9,8.1,13.8,89.0,4.77,9.03,0.0,0.0,1031.7,16.6,Clear
2018-11-21,STN005,Sunfield,29.76,-95.37,10.3,5.2,15.4,79.0,0.58,4.02,0.0,0.0,1012.4,16.7,Clear
2018-11-22,STN002,Harborview,34.02,-118.49,5.9,2.3,9.5,79.0,5.22,10.5,0.0,0.0,1010.4,17.9,Clear
2018-11-23,STN002,Harborview,34.02,-118.49,2.5,-2.7,7.7,85.0,4.68,5.41,0.0,0.0,1002.1,16.8,Clear
2018-11-24,STN001,Maple Ridge,49.22,-122.6,2.9,-1.2,6.9,96.0,5.73,9.82,10.4,0.0,1018.0,12.9,Rain
2018-11-25,STN001,Maple Ridge,49.22,-122.6,4.4,-1.4,10.2,91.0,4.36,5.66,3.3,0.0,1013.5,16.9,Rain
2018-11-26,STN003,Prairie Town,41.88,-87.63,4.2,1.0,7.4,91.0,2.03,2.75,0.0,0.0,1018.0,17.4,Clear
2018-11-27,STN003,Prairie Town,41.88,-87.63,3.0,-3.5,9.5,87.0,4.4,7.19,0.5,0.0,1003.4,17.3,Light Rain
2018-11-28,STN002,Harborview,34.02,-118.49,6.6,2.1,11.1,88.0,4.75,7.08,0.0,0.0,1015.3,17.6,Clear
2018-11-29,STN002,Harborview,34.02,-118.49,4.3,-1.5,10.1,82.0,5.41,11.06,3.0,0.0,1014.1,14.6,Rain
2018-11-30,STN005,Sunfield,29.76,-95.37,4.5,-1.8,10.7,85.0,3.02,4.96,4.9,0.0,1013.8,15.9,Rain
2018-12-01,STN003,Prairie Town,41.88,-87.63,5.4,-1.6,12.4,92.0,3.22,8.11,0.0,0.0,1007.2,17.4,Clear
2018-12-02,STN005,Sunfield,29.76,-95.37,5.1,1.9,8.2,92.0,3.69,8.18,0.0,0.0,1022.1,18.1,Clear
2018-12-03,STN005,Sunfield,29.76,-95.37,6.9,3.5,10.4,77.0,3.51,7.51,0.0,0.0,1029.1,18.3,Clear
2018-12-04,STN002,Harborview,34.02,-118.49,6.3,3.1,9.6,78.0,3.23,8.75,0.0,0.0,1003.8,17.4,Clear
2018-12-05,STN002,Harborview,34.02,-118.49,2.1,-1.3,5.4,90.0,2.43,4.88,0.7,0.0,1018.5,18.0,Light Rain
2018-12-06,STN005,Sunfield,29.76,-95.37,4.6,-0.3,9.5,99.0,1.74,4.08,0.0,0.0,989.8,16.8,Clear
2018-12-07,STN004,Riverdale,45.5,-73.57,8.0,1.0,15.0,69.0,4.38,5.35,4.1,0.0,1017.9,16.5,Rain
2018-12-08,STN002,Harborview,34.02,-118.49,1.9,-5.1,8.8,92.0,5.25,6.91,,0.0,997.5,16.9,Clear
2018-12-09,STN004,Riverdale,45.5,-73.57,-2.7,-7.4,1.9,86.0,3.61,8.89,0.0,0.0,1008.4,17.9,Clear
2018-12-10,STN003,Prairie Town,41.88,-87.63,-1.5,-6.7,3.7,89.0,3.47,6.32,0.0,0.0,1002.1,16.9,Clear
2018-12-11,STN005,Sunfield,29.76,-95.37,6.0,-0.3,12.3,82.0,7.01,9.06,1.8,0.0,1010.6,18.5,Light Rain
2018-12-12,STN002,Harborview,34.02,-118.49,5.3,-1.3,12.0,83.0,4.61,5.91,0.0,0.0,1019.2,19.5,Clear
2018-12-13,STN005,Sunfield,29.76,-95.37,5.5,2.5,8.5,82.0,3.36,6.27,0.0,0.0,997.8,18.4,Clear
2018-12-14,STN005,Sunfield,29.76,-95.37,9.5,4.8,14.1,81.0,3.08,7.38,0.0,0.0,1009.8,19.1,Clear
2018-12-15,STN001,Maple Ridge,49.22,-122.6,-5.1,-11.3,1.0,94.0,2.9,4.62,1.8,0.0,1008.6,14.9,Light Rain
2018-12-16,STN001,Maple Ridge,49.22,-122.6,4.1,0.6,7.6,77.0,3.91,8.45,0.0,0.0,1025.3,16.3,Clear
2018-12-17,STN003,Prairie Town,41.88,-87.63,8.7,4.5,12.9,87.0,3.91,7.68,7.6,0.0,1016.1,14.0,Rain
2018-12-18,STN001,Maple Ridge,49.22,-122.6,-0.5,-7.4,6.4,98.0,5.33,10.06,0.0,0.0,1003.0,17.1,Clear
2018-12-19,STN002,Harborview,34.02,-118.49,4.0,-2.9,10.9,93.0,2.07,3.58,2.1,0.0,1009.0,16.2,Rain
2018-12-20,STN003,Prairie Town,41.88,-87.63,1.7,-4.8,8.2,79.0,5.39,9.18,6.0,0.0,1024.9,13.6,Rain
2018-12-21,STN005,Sunfield,29.76,-95.37,3.1,-2.9,9.1,90.0,4.53,5.45,0.0,0.0,1018.3,18.4,Clear
2018-12-22,STN005,Sunfield,29.76,-95.37,4.8,1.5,8.2,91.0,2.75,4.93,6.3,0.0,1005.4,16.9,Rain
2018-12-23,STN001,Maple Ridge,49.22,-122.6,7.2,3.6,10.8,76.0,2.29,6.64,0.0,0.0,1010.6,19.0,Clear
2018-12-24,STN005,Sunfield,29.76,-95.37,11.3,6.6,16.1,78.0,4.51,8.3,0.0,0.0,1010.7,18.7,Clear
2018-12-25,STN001,Maple Ridge,49.22,-122.6,1.9,-2.9,6.7,89.0,3.61,4.74,0.0,0.0,1008.3,17.6,Clear
2018-12-26,STN004,Riverdale,45.5,-73.57,9.2,4.7,13.7,94.0,1.73,6.88,0.0,0.0,999.1,16.3,Clear
2018-12-27,STN005,Sunfield,29.76,-95.37,6.0,0.8,11.1,98.0,3.25,3.57,0.0,0.0,1007.3,17.1,Clear
2018-12-28,STN005,Sunfield,29.76,-95.37,11.1,7.1,15.2,67.0,4.69,8.26,4.9,0.0,1023.6,18.1,Rain
2018-12-29,STN002,Harborview,34.02,-118.49,5.0,-0.8,10.7,100.0,4.64,10.54,0.0,0.0,1009.5,16.6,Clear
2018-12-30,STN005,Sunfield,29.76,-95.37,6.3,2.7,10.0,78.0,3.88,7.07,4.1,0.0,1011.8,15.6,Rain
2018-12-31,STN001,Maple Ridge,49.22,-122.6,4.1,0.5,7.8,94.0,4.6,9.4,15.3,0.0,1013.7,12.2,Rain
2019-01-01,STN003,Prairie Town,41.88,-87.63,13.7,11.1,16.4,82.0,4.09,7.66,3.2,0.0,1030.3,17.4,Rain
2019-01-02,STN003,Prairie Town,41.88,-87.63,6.8,3.8,9.7,77.0,3.87,8.57,0.0,0.0,1012.7,16.8,Clear
2019-01-03,STN002,Harborview,34.02,-118.49,3.3,-2.9,9.6,91.0,2.38,6.32,0.0,0.0,1021.5,17.0,Clear
2019-01-04,STN001,Maple Ridge,49.22,-122.6,6.1,1.9,10.4,84.0,4.76,8.91,0.0,0.0,1007.7,17.0,Clear
2019-01-05,STN004,Riverdale,45.5,-73.57,2.7,-0.4,5.9,93.0,3.55,4.92,0.0,0.0,1010.6,17.3,Clear
2019-01-06,STN002,Harborview,34.02,-118.49,4.1,-1.7,9.9,89.0,5.14,9.59,0.0,0.0,1012.6,18.4,Clear
2019-01-07,STN004,Riverdale,45.5,-73.57,6.6,1.9,11.4,92.0,4.52,5.95,0.0,0.0,1006.4,16.4,Clear
2019-01-08,STN003,Prairie Town,41.88,-87.63,4.6,2.5,6.7,87.0,0.81,6.69,6.2,0.0,1011.3,16.0,Rain
2019-01-09,STN002,Harborview,34.02,-118.49,6.6,3.0,10.2,83.0,3.26,4.62,0.0,0.0,1019.8,17.6,Clear
2019-01-10,STN005,Sunfield,29.76,-95.37,,3.6,9.4,92.0,2.85,4.27,0.0,0.0,1006.3,19.6,Clear
2019-01-11,STN001,Maple Ridge,49.22,-122.6,4.6,-0.7,9.9,91.0,2.41,7.56,0.0,0.0,1012.8,17.6,Clear
2019-01-12,STN004,Riverdale,45.5,-73.57,5.5,2.1,8.9,91.0,3.91,5.37,1.0,0.0,1018.3,16.8,Light Rain
2019-01-13,STN004,Riverdale,45.5,-73.57,,-3.8,0.8,89.0,2.26,4.43,0.0,0.0,1006.2,17.9,Clear
2019-01-14,STN002,Harborview,34.02,-118.49,8.1,5.8,10.4,75.0,1.73,6.02,0.0,0.0,1021.6,17.4,Clear
2019-01-15,STN002,Harborview,34.02,-118.49,3.2,-1.7,8.1,84.0,1.75,2.7,7.6,0.0,1013.4,12.6,Rain
2019-01-16,STN001,Maple Ridge,49.22,-122.6,-0.4,-2.5,1.7,88.0,1.88,2.83,,14.0,1011.5,14.3,Snow
2019-01-17,STN005,Sunfield,29.76,-95.37,6.8,0.5,13.0,89.0,3.83,6.75,0.0,0.0,996.6,17.1,Clear
2019-01-18,STN005,Sunfield,29.76,-95.37,7.3,4.5,10.1,90.0,7.0,8.47,0.0,0.0,1009.3,15.7,Clear
2019-01-19,STN002,Harborview,34.02,-118.49,4.4,-0.6,9.4,86.0,2.64,4.05,0.0,0.0,1015.7,17.4,Clear
2019-01-20,STN001,Maple Ridge,49.22,-122.6,6.8,2.6,11.0,94.0,5.52,5.58,3.6,0.0,1026.4,13.7,Rain
2019-01-21,STN001,Maple Ridge,49.22,-122.6,0.3,-3.9,4.6,,1.87,4.1,0.0,0.0,1017.4,16.7,Clear
2019-01-22,STN001,Maple Ridge,49.22,-122.6,3.2,0.9,5.6,90.0,2.71,4.62,2.1,0.0,1021.7,16.7,Rain
2019-01-23,STN005,Sunfield,29.76,-95.37,5.7,-0.3,11.7,79.0,5.5,5.69,0.0,0.0,1002.8,17.7,Clear
2019-01-24,STN005,Sunfield,29.76,-95.37,7.4,1.0,13.9,94.0,4.6,8.32,0.0,0.0,1011.5,16.8,Clear
2019-01-25,STN001,Maple Ridge,49.22,-122.6,5.6,3.5,7.6,,4.65,8.41,0.0,0.0,1022.3,17.4,Clear
2019-01-26,STN004,Riverdale,45.5,-73.57,2.4,-0.5,5.3,90.0,5.13,5.55,3.2,0.0,1005.4,15.2,Rain
2019-01-27,STN001,Maple Ridge,49.22,-122.6,7.1,0.6,13.7,81.0,7.08,8.98,0.0,0.0,1020.0,17.6,Clear
2019-01-28,STN002,Harborview,34.02,-118.49,7.5,2.8,12.3,77.0,4.39,9.63,0.0,0.0,1018.4,17.8,Clear
2019-01-29,STN003,Prairie Town,41.88,-87.63,0.6,-2.1,3.4,81.0,1.61,5.11,0.0,0.0,1015.0,16.7,Clear
2019-01-30,STN004,Riverdale,45.5,-73.57,-0.0,-3.0,,96.0,5.25,7.73,8.1,0.2,1009.8,14.1,Snow
2019-01-31,STN005,Sunfield,29.76,-95.37,8.3,,13.6,77.0,4.99,7.78,0.0,0.0,1004.6,18.0,Clear
2019-02-01,STN001,Maple Ridge,49.22,-122.6,4.9,-0.8,10.5,100.0,5.38,6.63,0.0,0.0,1026.7,16.8,Clear
2019-02-02,STN001,Maple Ridge,49.22,-122.6,5.3,0.3,10.3,78.0,2.5,7.38,9.9,0.0,1017.8,16.1,Rain
2019-02-03,STN002,Harborview,34.02,-118.49,8.0,1.2,14.7,74.0,3.73,9.21,0.0,0.0,1015.4,17.6,Clear
2019-02-04,STN002,Harborview,34.02,-118.49,8.8,4.4,13.3,85.0,1.15,6.62,0.0,0.0,1009.6,17.2,Clear
2019-02-05,STN005,Sunfield,29.76,-95.37,11.8,8.3,15.3,89.0,2.51,3.85,0.0,0.0,1013.1,16.9,Clear
2019-02-06,STN004,Riverdale,45.5,-73.57,3.4,-1.0,7.7,88.0,3.23,5.09,0.0,0.0,1014.0,16.4,Clear
2019-02-07,STN002,Harborview,34.02,-118.49,5.0,,8.8,90.0,2.84,3.8,0.0,0.0,1015.9,18.0,Clear
2019-02-08,STN005,Sunfield,29.76,-95.37,6.0,2.9,9.1,72.0,5.32,7.16,0.0,0.0,1018.3,17.2,Clear
2019-02-09,STN003,Prairie Town,41.88,-87.63,8.5,6.3,10.7,77.0,2.8,4.8,,0.0,1006.5,17.1,Clear
2019-02-10,STN003,Prairie Town,41.88,-87.63,11.5,7.7,15.2,71.0,8.83,12.63,3.1,0.0,1000.4,16.1,Rain
2019-02-11,STN003,Prairie Town,41.88,-87.63,6.6,1.0,12.1,71.0,2.59,3.73,0.0,0.0,1013.4,16.9,Clear
2019-02-12,STN001,Maple Ridge,49.22,-122.6,-0.6,-2.7,1.5,94.0,3.55,9.07,0.0,0.0,998.7,15.4,Clear
2019-02-13,STN005,Sunfield,29.76,-95.37,4.9,0.7,9.1,70.0,1.15,1.76,0.0,0.0,1010.3,17.4,Clear
2019-02-14,STN001,Maple Ridge,49.22,-122.6,4.7,-0.5,9.9,77.0,3.85,3.89,10.0,0.0,1008.5,14.6,Rain
2019-02-15,STN001,Maple Ridge,49.22,-122.6,5.7,0.6,10.7,81.0,2.9,8.03,0.0,0.0,1016.6,17.8,Clear
2019-02-16,STN002,Harborview,34.02,-118.49,8.5,2.7,14.4,76.0,8.07,12.3,0.0,0.0,1028.1,19.3,Clear
2019-02-17,STN002,Harborview,34.02,-118.49,10.0,4.0,16.1,83.0,3.5,5.63,0.0,0.0,997.1,18.3,Clear
2019-02-18,STN001,Maple Ridge,49.22,-122.6,6.8,1.3,12.4,86.0,1.15,4.72,0.0,0.0,1031.1,17.9,Clear
2019-02-19,STN001,Maple Ridge,49.22,-122.6,11.1,8.6,13.6,85.0,1.33,2.67,0.0,0.0,1011.0,19.3,Clear
2019-02-20,STN004,Riverdale,45.5,-73.57,6.6,,11.0,89.0,,2.23,0.0,0.0,1015.7,17.2,Clear
2019-02-21,STN005,Sunfield,29.76,-95.37,8.6,3.5,13.6,90.0,2.61,5.43,0.0,0.0,1001.4,17.4,Clear
2019-02-22,STN001,Maple Ridge,49.22,-122.6,9.8,6.6,13.1,80.0,2.45,4.57,0.0,0.0,1020.7,17.6,Clear
2019-02-23,STN002,Harborview,34.02,-118.49,6.2,4.0,8.4,87.0,7.7,11.39,0.0,0.0,1012.6,18.9,Clear
2019-02-24,STN003,Prairie Town,41.88,-87.63,11.0,7.8,14.1,,1.82,3.13,0.0,0.0,1012.3,17.5,Clear
2019-02-25,STN005,Sunfield,29.76,-95.37,12.1,7.8,16.4,78.0,4.29,8.27,3.6,0.0,997.1,15.5,Rain
2019-02-26,STN004,Riverdale,45.5,-73.57,9.1,5.1,13.2,78.0,2.95,7.55,0.0,0.0,1013.3,18.2,Clear
2019-02-27,STN004,Riverdale,45.5,-73.57,14.5,11.6,17.4,72.0,4.38,5.38,12.9,0.0,1019.3,11.8,Rain
2019-02-28,STN003,Prairie Town,41.88,-87.63,8.6,2.4,14.7,76.0,2.46,2.73,9.0,0.0,1010.9,14.6,Rain
2019-03-01,STN003,Prairie Town,41.88,-87.63,16.8,,23.4,75.0,1.04,3.67,0.0,0.0,1022.3,18.2,Clear
2019-03-02,STN001,Maple Ridge,49.22,-122.6,9.0,6.0,12.0,81.0,1.98,6.63,0.0,0.0,1021.9,17.4,Clear
2019-03-03,STN005,Sunfield,29.76,-95.37,8.9,2.3,15.6,77.0,2.71,6.62,0.0,0.0,1007.6,18.3,Clear
2019-03-04,STN005,Sunfield,29.76,-95.37,,11.0,15.2,72.0,6.17,10.38,0.0,0.0,1025.1,16.4,Clear
2019-03-05,STN001,Maple Ridge,49.22,-122.6,6.9,0.3,13.5,75.0,4.6,7.02,0.0,0.0,1012.9,17.9,Clear
2019-03-06,STN004,Riverdale,45.5,-73.57,8.6,,15.4,89.0,2.03,3.43,0.0,0.0,1013.2,16.9,Clear
2019-03-07,STN001,Maple Ridge,49.22,-122.6,11.7,9.6,13.7,79.0,3.21,6.4,0.0,0.0,1013.5,20.0,Clear
2019-03-08,STN004,Riverdale,45.5,-73.57,,7.1,18.7,71.0,2.53,3.76,2.1,0.0,1013.3,17.2,Rain
2019-03-09,STN005,Sunfield,29.76,-95.37,11.9,,18.7,83.0,0.63,4.99,0.0,0.0,991.9,16.9,Clear
2019-03-10,STN001,Maple Ridge,49.22,-122.6,13.9,7.4,20.5,71.0,1.65,2.83,2.5,0.0,1011.4,15.5,Rain
2019-03-11,STN003,Prairie Town,41.88,-87.63,15.7,8.9,22.6,63.0,4.68,6.43,13.8,0.0,1001.6,13.9,Rain
2019-03-12,STN001,Maple Ridge,49.22,-122.6,15.6,10.9,20.4,80.0,3.96,7.0,4.2,0.0,1025.6,15.6,Rain
2019-03-13,STN003,Prairie Town,41.88,-87.63,14.2,11.8,16.6,71.0,2.9,5.82,0.0,0.0,1025.4,17.1,Clear
2019-03-14,STN005,Sunfield,29.76,-95.37,18.7,12.4,24.9,67.0,4.33,7.93,0.0,0.0,1019.4,18.3,Clear
2019-03-15,STN001,Maple Ridge,49.22,-122.6,6.2,1.1,11.3,85.0,5.52,8.14,0.0,0.0,1010.5,18.1,Clear
2019-03-16,STN002,Harborview,34.02,-118.49,13.3,8.3,18.4,84.0,5.41,10.92,0.0,0.0,1004.4,18.1,Clear
2019-03-17,STN005,Sunfield,29.76,-95.37,12.5,8.4,16.6,77.0,1.56,6.6,0.0,0.0,1007.6,17.7,Clear
2019-03-18,STN002,Harborview,34.02,-118.49,15.0,10.1,,66.0,6.59,11.86,11.6,0.0,1027.9,13.5,Rain
2019-03-19,STN001,Maple Ridge,49.22,-122.6,10.8,8.0,13.6,83.0,,5.53,0.0,0.0,1007.3,17.7,Clear
2019-03-20,STN003,Prairie Town,41.88,-87.63,13.3,7.6,19.0,73.0,4.8,8.61,0.0,0.0,993.7,18.2,Clear
2019-03-21,STN003,Prairie Town,41.88,-87.63,19.6,17.2,22.0,82.0,1.37,5.03,0.0,0.0,1021.1,18.0,Clear
2019-03-22,STN004,Riverdale,45.5,-73.57,13.1,7.4,18.7,76.0,2.0,4.61,17.2,0.0,1024.8,11.9,Rain
2019-03-23,STN002,Harborview,34.02,-118.49,16.7,10.5,23.0,56.0,,6.79,11.2,0.0,1025.8,13.9,Rain
2019-03-24,STN005,Sunfield,29.76,-95.37,15.6,11.2,20.0,76.0,2.38,5.94,0.0,0.0,1021.1,16.9,Clear
2019-03-25,STN003,Prairie Town,41.88,-87.63,14.9,10.3,19.4,88.0,2.34,2.49,0.9,0.0,1022.4,16.9,Light Rain
2019-03-26,STN002,Harborview,34.02,-118.49,16.0,12.5,19.6,84.0,6.79,6.83,0.0,0.0,1012.7,18.2,Clear
2019-03-27,STN005,Sunfield,29.76,-95.37,18.2,11.3,25.0,83.0,1.72,6.83,0.0,0.0,996.2,15.7,Clear
2019-03-28,STN005,Sunfield,29.76,-95.37,20.5,14.8,26.1,60.0,4.01,4.29,0.1,0.0,1012.8,16.4,Light Rain
2019-03-29,STN003,Prairie Town,41.88,-87.63,20.3,16.4,24.1,74.0,5.59,8.74,2.3,0.0,1017.4,17.8,Rain
2019-03-30,STN001,Maple Ridge,49.22,-122.6,15.3,12.5,18.2,69.0,3.97,7.66,0.0,0.0,1011.5,19.5,Clear
2019-03-31,STN003,Prairie Town,41.88,-87.63,17.4,14.4,20.5,73.0,2.99,4.18,0.0,0.0,1011.3,16.6,Clear
2019-04-01,STN003,Prairie Town,41.88,-87.63,12.4,8.1,16.7,68.0,0.63,6.01,0.0,0.0,1005.2,18.1,Clear
2019-04-02,STN001,Maple Ridge,49.22,-122.6,14.7,7.9,21.4,70.0,4.47,5.61,0.9,0.0,1004.5,17.2,Light Rain
2019-04-03,STN004,Riverdale,45.5,-73.57,,12.8,24.1,65.0,4.44,9.75,2.3,0.0,1027.3,16.9,Rain
2019-04-04,STN005,Sunfield,29.76,-95.37,20.8,17.7,23.8,73.0,3.85,8.43,0.0,0.0,1027.6,18.1,Clear
2019-04-05,STN001,Maple Ridge,49.22,-122.6,16.1,9.8,22.4,78.0,,5.23,0.0,0.0,1012.6,16.4,Clear
2019-04-06,STN004,Riverdale,45.5,-73.57,18.8,14.9,22.7,71.0,4.57,5.47,10.4,0.0,1014.8,12.6,Rain
2019-04-07,STN001,Maple Ridge,49.22,-122.6,17.2,11.0,23.5,62.0,1.65,3.55,0.0,0.0,1005.0,17.8,Clear
2019-04-08,STN004,Riverdale,45.5,-73.57,20.1,16.9,23.3,66.0,2.83,5.22,0.0,0.0,1017.9,17.9,Clear
2019-04-09,STN003,Prairie Town,41.88,-87.63,18.0,13.0,23.1,65.0,6.15,7.63,0.0,0.0,1026.5,16.9,Clear
2019-04-10,STN001,Maple Ridge,49.22,-122.6,15.2,8.5,21.8,80.0,1.12,7.11,0.0,0.0,1000.7,18.4,Clear
2019-04-11,STN005,Sunfield,29.76,-95.37,20.3,17.0,23.6,76.0,7.28,8.66,0.0,0.0,1016.0,17.3,Clear
2019-04-12,STN001,Maple Ridge,49.22,-122.6,7.8,2.3,13.2,90.0,5.03,10.02,1.4,0.0,1016.8,16.3,Light Rain
2019-04-13,STN003,Prairie Town,41.88,-87.63,19.0,12.0,25.9,64.0,2.73,3.68,0.1,0.0,1016.9,18.3,Light Rain
2019-04-14,STN001,Maple Ridge,49.22,-122.6,5.9,3.2,8.7,66.0,3.4,9.28,0.0,0.0,1025.8,17.9,Clear
2019-04-15,STN005,Sunfield,29.76,-95.37,14.8,12.3,17.2,62.0,4.62,5.98,0.0,0.0,1028.8,19.0,Clear
2019-04-16,STN004,Riverdale,45.5,-73.57,,13.7,24.5,79.0,,3.73,0.0,0.0,1011.0,16.7,Clear
2019-04-17,STN005,Sunfield,29.76,-95.37,21.7,18.0,25.4,63.0,3.61,6.96,0.0,0.0,1018.0,16.7,Clear
2019-04-18,STN003,Prairie Town,41.88,-87.63,15.1,12.8,17.5,69.0,4.11,4.83,4.3,0.0,1013.3,15.9,Rain
2019-04-19,STN003,Prairie Town,41.88,-87.63,16.6,12.2,21.0,84.0,5.37,10.27,3.1,0.0,1007.4,16.3,Rain
2019-04-20,STN004,Riverdale,45.5,-73.57,22.5,16.7,28.2,74.0,5.63,7.28,3.1,0.0,1014.6,15.3,Rain
2019-04-21,STN004,Riverdale,45.5,-73.57,17.1,13.6,20.5,72.0,7.11,10.41,5.1,0.0,1017.7,14.4,Rain
2019-04-22,STN005,Sunfield,29.76,-95.37,27.7,24.1,31.4,57.0,3.63,6.93,0.0,0.0,1014.4,18.5,Clear
2019-04-23,STN001,Maple Ridge,49.22,-122.6,18.2,12.0,24.5,69.0,5.83,9.45,0.0,0.0,1005.4,17.2,Clear
2019-04-24,STN004,Riverdale,45.5,-73.57,20.2,15.6,24.8,69.0,2.28,2.61,0.0,0.0,1009.1,16.5,Clear
2019-04-25,STN001,Maple Ridge,49.22,-122.6,23.4,17.2,29.6,75.0,3.72,4.73,0.0,0.0,1009.0,18.7,Clear
2019-04-26,STN002,Harborview,34.02,-118.49,21.3,17.1,25.6,69.0,4.24,5.21,0.0,0.0,1005.8,17.3,Clear
2019-04-27,STN005,Sunfield,29.76,-95.37,18.7,12.0,25.5,75.0,3.19,5.0,2.5,0.0,1015.2,17.9,Rain
2019-04-28,STN002,Harborview,34.02,-118.49,20.9,15.6,26.2,75.0,3.96,4.83,0.0,0.0,1015.9,17.8,Clear
2019-04-29,STN004,Riverdale,45.5,-73.57,19.5,17.0,22.1,60.0,6.44,11.97,0.0,0.0,1020.2,18.5,Clear
2019-04-30,STN003,Prairie Town,41.88,-87.63,16.2,9.8,22.6,78.0,4.34,7.41,0.0,0.0,1005.7,17.5,Clear
2019-05-01,STN002,Harborview,34.02,-118.49,20.9,16.4,25.3,65.0,3.46,7.2,0.0,0.0,1008.0,15.4,Clear
2019-05-02,STN002,Harborview,34.02,-118.49,19.5,16.8,22.2,51.0,6.26,8.4,1.4,0.0,1024.8,16.8,Light Rain
2019-05-03,STN003,Prairie Town,41.88,-87.63,23.5,20.7,26.2,49.0,6.52,8.18,0.6,0.0,1011.0,18.2,Light Rain
2019-05-04,STN004,Riverdale,45.5,-73.57,,15.0,25.8,60.0,3.84,6.86,2.9,0.0,1012.9,17.4,Rain
2019-05-05,STN004,Riverdale,45.5,-73.57,19.6,17.3,21.8,72.0,3.41,5.18,0.0,0.0,1011.3,16.0,Clear
2019-05-06,STN005,Sunfield,29.76,-95.37,22.6,19.1,26.0,66.0,5.45,7.51,0.4,0.0,1021.5,17.8,Light Rain
2019-05-07,STN005,Sunfield,29.76,-95.37,23.7,21.0,26.4,65.0,6.92,9.64,2.4,0.0,1021.7,16.0,Rain
2019-05-08,STN004,Riverdale,45.5,-73.57,22.6,18.4,26.8,79.0,3.14,6.17,9.0,0.0,1021.6,14.3,Rain
2019-05-09,STN004,Riverdale,45.5,-73.57,17.9,13.8,22.0,62.0,3.26,9.17,0.0,0.0,1012.9,18.1,Clear
2019-05-10,STN002,Harborview,34.02,-118.49,19.6,15.0,24.2,68.0,5.6,6.94,0.0,0.0,1005.5,18.7,Clear
2019-05-11,STN003,Prairie Town,41.88,-87.63,25.0,21.6,28.4,64.0,3.51,6.43,,0.0,1028.1,19.1,Clear
2019-05-12,STN001,Maple Ridge,49.22,-122.6,19.4,17.3,21.6,64.0,,4.47,0.0,0.0,1019.5,18.6,Clear
2019-05-13,STN002,Harborview,34.02,-118.49,18.8,13.7,23.9,70.0,4.36,6.46,9.9,0.0,1008.9,14.8,Rain
2019-05-14,STN005,Sunfield,29.76,-95.37,25.1,21.3,29.0,51.0,1.6,5.9,0.0,0.0,1024.2,18.1,Clear
2019-05-15,STN003,Prairie Town,41.88,-87.63,23.5,18.2,28.7,74.0,3.93,4.98,0.8,0.0,1008.3,20.0,Light Rain
2019-05-16,STN001,Maple Ridge,49.22,-122.6,16.5,13.9,19.0,67.0,1.31,4.8,9.3,0.0,1024.2,13.0,Rain
2019-05-17,STN004,Riverdale,45.5,-73.57,22.4,20.4,24.5,79.0,1.22,3.72,0.0,0.0,1024.7,17.1,Clear
2019-05-18,STN005,Sunfield,29.76,-95.37,26.4,23.2,29.6,60.0,5.12,5.43,3.5,0.0,1005.1,17.7,Rain
2019-05-19,STN005,Sunfield,29.76,-95.37,25.4,21.1,29.7,69.0,3.83,9.43,0.8,0.0,1017.3,18.4,Light Rain
2019-05-20,STN002,Harborview,34.02,-118.49,25.6,21.7,29.6,61.0,0.58,3.07,0.0,0.0,1019.2,18.7,Clear
2019-05-21,STN003,Prairie Town,41.88,-87.63,18.4,12.4,24.5,70.0,3.78,8.48,0.0,0.0,1033.5,18.6,Clear
2019-05-22,STN003,Prairie Town,41.88,-87.63,23.7,19.8,27.6,59.0,4.12,6.61,1.7,0.0,1006.7,15.4,Light Rain
2019-05-23,STN002,Harborview,34.02,-118.49,23.1,18.4,27.7,65.0,1.94,7.56,0.0,0.0,1024.3,19.6,Clear
2019-05-24,STN002,Harborview,34.02,-118.49,22.6,17.6,,67.0,1.93,3.67,0.0,0.0,1012.9,17.8,Clear
2019-05-25,STN002,Harborview,34.02,-118.49,26.8,24.6,28.9,54.0,1.25,3.73,1.3,0.0,1002.9,19.1,Light Rain
2019-05-26,STN005,Sunfield,29.76,-95.37,29.3,24.7,33.9,56.0,3.16,7.71,0.3,0.0,1011.7,16.2,Light Rain
2019-05-27,STN004,Riverdale,45.5,-73.57,27.9,24.2,,54.0,4.24,6.3,0.0,0.0,1012.6,18.6,Clear
2019-05-28,STN005,Sunfield,29.76,-95.37,28.9,24.8,33.0,73.0,7.8,9.98,0.0,0.0,1003.7,17.2,Clear
2019-05-29,STN005,Sunfield,29.76,-95.37,24.7,22.2,27.2,62.0,2.16,8.13,0.0,0.0,1015.3,18.7,Clear
2019-05-30,STN005,Sunfield,29.76,-95.37,26.2,20.3,32.1,71.0,4.23,7.56,0.0,0.0,1020.2,18.2,Clear
2019-05-31,STN001,Maple Ridge,49.22,-122.6,24.6,17.9,31.3,61.0,3.05,7.18,10.3,0.0,1014.6,14.4,Rain
2019-06-01,STN005,Sunfield,29.76,-95.37,25.6,23.5,27.7,63.0,4.09,7.95,0.0,0.0,1008.3,17.0,Clear
2019-06-02,STN001,Maple Ridge,49.22,-122.6,22.8,17.8,27.8,55.0,4.93,9.9,0.0,0.0,1011.3,18.3,Clear
2019-06-03,STN003,Prairie Town,41.88,-87.63,26.0,20.2,31.8,58.0,2.94,8.11,3.9,0.0,1012.7,16.5,Rain
2019-06-04,STN003,Prairie Town,41.88,-87.63,23.4,20.0,26.8,,1.27,4.65,0.0,0.0,1014.6,18.5,Clear
2019-06-05,STN002,Harborview,34.02,-118.49,22.6,16.7,28.6,76.0,,6.98,5.5,0.0,1021.4,16.5,Rain
2019-06-06,STN001,Maple Ridge,49.22,-122.6,21.3,16.2,26.5,68.0,3.64,3.77,0.0,0.0,1014.8,18.1,Clear
2019-06-07,STN001,Maple Ridge,49.22,-122.6,24.5,,31.2,72.0,6.44,10.13,0.0,0.0,1001.1,16.6,Clear
2019-06-08,STN005,Sunfield,29.76,-95.37,25.6,18.7,32.5,66.0,1.93,6.88,0.0,0.0,1008.3,18.1,Clear
2019-06-09,STN002,Harborview,34.02,-118.49,26.0,23.8,28.2,72.0,1.59,4.29,0.0,0.0,1014.2,20.0,Clear
2019-06-10,STN002,Harborview,34.02,-118.49,27.0,22.8,31.2,59.0,,2.8,0.0,0.0,1021.8,19.9,Clear
2019-06-11,STN005,Sunfield,29.76,-95.37,24.5,,29.3,79.0,8.56,10.29,8.3,0.0,1022.5,11.3,Rain
2019-06-12,STN001,Maple Ridge,49.22,-122.6,25.0,22.3,27.8,59.0,5.74,8.8,0.0,0.0,1026.6,18.3,Clear
2019-06-13,STN005,Sunfield,29.76,-95.37,26.8,23.2,30.5,54.0,2.34,7.36,0.0,0.0,1013.8,19.3,Clear
2019-06-14,STN005,Sunfield,29.76,-95.37,22.0,15.1,29.0,57.0,2.57,3.6,1.4,0.0,1018.8,17.5,Light Rain
2019-06-15,STN003,Prairie Town,41.88,-87.63,28.3,26.2,30.3,74.0,4.21,7.89,0.0,0.0,1000.9,17.3,Clear
2019-06-16,STN001,Maple Ridge,49.22,-122.6,21.3,17.1,25.6,72.0,3.18,7.7,,0.0,1016.1,17.0,Light Rain
2019-06-17,STN001,Maple Ridge,49.22,-122.6,17.9,11.7,,68.0,2.45,8.06,0.0,0.0,1004.2,18.5,Clear
2019-06-18,STN002,Harborview,34.02,-118.49,22.0,18.4,25.6,74.0,2.66,3.36,0.0,0.0,1012.2,16.6,Clear
2019-06-19,STN003,Prairie Town,41.88,-87.63,20.9,16.5,25.3,72.0,6.11,11.67,0.0,0.0,1036.6,19.0,Clear
2019-06-20,STN001,Maple Ridge,49.22,-122.6,23.0,16.1,29.9,78.0,4.48,8.09,0.0,0.0,1015.0,17.6,Clear
2019-06-21,STN003,Prairie Town,41.88,-87.63,23.1,18.8,27.5,53.0,6.13,10.73,0.3,0.0,1005.5,17.3,Light Rain
2019-06-22,STN001,Maple Ridge,49.22,-122.6,21.9,19.2,24.5,64.0,6.91,7.23,0.0,0.0,1015.6,19.2,Clear
2019-06-23,STN003,Prairie Town,41.88,-87.63,25.8,23.6,28.1,58.0,4.39,7.42,5.6,0.0,1008.4,14.5,Rain
2019-06-24,STN001,Maple Ridge,49.22,-122.6,23.9,17.1,30.6,50.0,4.22,7.95,12.5,0.0,1004.9,13.0,Rain
2019-06-25,STN004,Riverdale,45.5,-73.57,24.3,21.0,27.7,70.0,1.69,3.54,0.0,0.0,1029.7,17.3,Clear
2019-06-26,STN001,Maple Ridge,49.22,-122.6,24.0,19.5,28.6,61.0,3.6,6.19,0.0,0.0,1021.2,20.0,Clear
2019-06-27,STN001,Maple Ridge,49.22,-122.6,24.6,22.2,27.1,68.0,2.55,5.88,0.0,0.0,1015.5,17.3,Clear
2019-06-28,STN001,Maple Ridge,49.22,-122.6,16.5,12.3,20.6,89.0,6.68,10.0,13.1,0.0,1009.2,10.0,Rain
2019-06-29,STN005,Sunfield,29.76,-95.37,24.6,17.9,31.2,60.0,2.43,2.68,0.0,0.0,1010.3,17.6,Clear
2019-06-30,STN001,Maple Ridge,49.22,-122.6,16.2,11.7,20.7,70.0,2.7,5.34,4.8,0.0,1025.1,16.4,Rain
2019-07-01,STN003,Prairie Town,41.88,-87.63,23.9,17.1,30.8,64.0,6.77,8.06,2.8,0.0,1014.8,17.7,Rain
2019-07-02,STN003,Prairie Town,41.88,-87.63,23.8,20.5,27.0,70.0,8.37,13.87,0.0,0.0,987.5,20.0,Clear
2019-07-03,STN003,Prairie Town,41.88,-87.63,26.9,22.3,31.4,56.0,4.24,10.1,1.7,0.0,1031.9,19.0,Light Rain
2019-07-04,STN004,Riverdale,45.5,-73.57,26.7,20.4,33.0,56.0,3.86,5.66,13.4,0.0,1014.1,13.2,Rain
2019-07-05,STN005,Sunfield,29.76,-95.37,26.1,21.8,30.3,68.0,2.47,3.52,0.0,0.0,1015.5,17.1,Clear
2019-07-06,STN002,Harborview,34.02,-118.49,23.3,19.9,26.7,67.0,5.14,6.45,0.0,0.0,1021.2,19.6,Clear
2019-07-07,STN005,Sunfield,29.76,-95.37,26.8,20.6,33.1,45.0,3.53,6.39,6.7,0.0,1016.4,15.6,Rain
2019-07-08,STN002,Harborview,34.02,-118.49,23.1,19.2,27.1,56.0,3.7,8.95,0.0,0.0,1018.6,17.7,Clear
2019-07-09,STN005,Sunfield,29.76,-95.37,25.3,20.6,29.9,72.0,3.47,6.47,4.1,0.0,1009.3,15.8,Rain
2019-07-10,STN003,Prairie Town,41.88,-87.63,26.4,19.5,33.2,63.0,3.4,3.74,0.0,0.0,1002.8,16.9,Clear
2019-07-11,STN004,Riverdale,45.5,-73.57,21.1,18.2,24.1,61.0,2.44,2.68,5.1,0.0,1015.0,15.6,Rain
2019-07-12,STN005,Sunfield,29.76,-95.37,27.5,24.0,31.0,58.0,8.7,10.06,1.7,0.0,1023.6,17.4,Light Rain
2019-07-13,STN004,Riverdale,45.5,-73.57,24.7,22.5,26.9,62.0,4.9,9.95,0.0,0.0,1007.3,18.9,Clear
2019-07-14,STN005,Sunfield,29.76,-95.37,22.1,18.1,26.1,71.0,8.56,12.29,0.4,0.0,1006.3,17.3,Light Rain
2019-07-15,STN003,Prairie Town,41.88,-87.63,26.0,23.0,29.0,51.0,9.01,12.39,4.6,0.0,1021.9,15.4,Rain
2019-07-16,STN001,Maple Ridge,49.22,-122.6,24.0,18.6,29.4,57.0,2.89,4.81,6.0,0.0,1009.1,14.3,Rain
2019-07-17,STN003,Prairie Town,41.88,-87.63,23.2,20.3,26.1,66.0,3.46,9.03,0.0,0.0,1009.4,18.2,Clear
2019-07-18,STN001,Maple Ridge,49.22,-122.6,19.5,14.1,24.8,68.0,5.25,7.23,0.0,0.0,1009.5,18.0,Clear
2019-07-19,STN005,Sunfield,29.76,-95.37,22.0,18.7,25.3,70.0,2.71,7.72,0.0,0.0,1012.2,17.4,Clear
2019-07-20,STN002,Harborview,34.02,-118.49,22.3,18.5,26.0,57.0,6.79,12.16,0.0,0.0,999.7,17.8,Clear
2019-07-21,STN002,Harborview,34.02,-118.49,25.4,21.7,29.2,64.0,3.4,6.3,0.0,0.0,1008.3,18.5,Clear
2019-07-22,STN002,Harborview,34.02,-118.49,20.8,15.2,26.4,75.0,2.83,8.2,0.0,0.0,1014.6,19.2,Clear
2019-07-23,STN004,Riverdale,45.5,-73.57,23.2,18.9,27.5,68.0,3.11,4.77,0.0,0.0,1014.5,17.2,Clear
2019-07-24,STN003,Prairie Town,41.88,-87.63,18.6,14.8,22.4,71.0,1.18,5.13,0.0,0.0,1022.1,18.0,Clear
2019-07-25,STN005,Sunfield,29.76,-95.37,23.4,17.2,29.7,63.0,2.56,3.08,0.0,0.0,1027.5,19.1,Clear
2019-07-26,STN003,Prairie Town,41.88,-87.63,22.5,17.6,27.3,59.0,8.54,11.39,0.0,0.0,1024.2,17.4,Clear
2019-07-27,STN002,Harborview,34.02,-118.49,30.6,27.5,33.6,55.0,,4.41,9.7,0.0,1020.0,14.4,Rain
2019-07-28,STN001,Maple Ridge,49.22,-122.6,16.7,10.2,23.2,81.0,2.92,3.3,0.0,0.0,1011.5,17.5,Clear
2019-07-29,STN001,Maple Ridge,49.22,-122.6,25.1,21.4,28.9,61.0,4.03,4.05,0.5,0.0,1007.6,16.6,Light Rain
2019-07-30,STN002,Harborview,34.02,-118.49,23.4,21.2,25.6,58.0,3.93,5.88,0.0,0.0,1012.8,18.4,Clear
2019-07-31,STN005,Sunfield,29.76,-95.37,24.7,20.2,29.1,59.0,1.49,5.03,8.2,0.0,1017.5,15.0,Rain
2019-08-01,STN003,Prairie Town,41.88,-87.63,21.9,19.2,24.5,67.0,4.39,7.13,0.4,0.0,1019.1,18.4,Light Rain
2019-08-02,STN005,Sunfield,29.76,-95.37,24.5,21.4,27.7,60.0,1.47,3.28,0.0,0.0,1017.8,17.0,Clear
2019-08-03,STN001,Maple Ridge,49.22,-122.6,19.7,14.0,25.4,72.0,2.03,7.98,0.0,0.0,1011.8,17.9,Clear
2019-08-04,STN001,Maple Ridge,49.22,-122.6,24.4,21.8,27.1,66.0,1.03,6.67,0.0,0.0,1019.2,19.4,Clear
2019-08-05,STN005,Sunfield,29.76,-95.37,21.5,15.4,27.5,72.0,5.26,6.01,0.0,0.0,1022.6,19.9,Clear
2019-08-06,STN001,Maple Ridge,49.22,-122.6,23.2,16.5,29.9,74.0,4.76,7.25,0.0,0.0,1019.6,19.1,Clear
2019-08-07,STN001,Maple Ridge,49.22,-122.6,17.8,12.7,22.8,78.0,2.8,6.69,0.0,0.0,1012.5,16.5,Clear
2019-08-08,STN003,Prairie Town,41.88,-87.63,20.5,14.9,26.0,61.0,4.42,8.82,0.0,0.0,1005.9,18.6,Clear
2019-08-09,STN005,Sunfield,29.76,-95.37,19.1,13.6,24.7,63.0,6.33,8.53,0.0,0.0,1005.5,17.6,Clear
2019-08-10,STN004,Riverdale,45.5,-73.57,21.2,14.3,28.2,66.0,1.84,6.32,0.0,0.0,1007.4,18.3,Clear
2019-08-11,STN001,Maple Ridge,49.22,-122.6,23.5,,27.2,61.0,2.93,3.67,0.0,0.0,1014.8,17.4,Clear
2019-08-12,STN005,Sunfield,29.76,-95.37,21.7,18.9,24.5,58.0,,3.4,0.0,0.0,1017.0,16.5,Clear
2019-08-13,STN005,Sunfield,29.76,-95.37,21.2,16.6,25.8,63.0,0.53,4.83,,0.0,1001.6,17.8,Clear
2019-08-14,STN005,Sunfield,29.76,-95.37,18.3,13.7,23.0,67.0,1.76,5.52,,0.0,1008.8,18.7,Clear
2019-08-15,STN005,Sunfield,29.76,-95.37,20.9,18.0,23.7,62.0,4.25,9.27,0.0,0.0,1014.5,18.4,Clear
2019-08-16,STN002,Harborview,34.02,-118.49,16.0,10.9,21.0,71.0,3.78,4.06,0.0,0.0,1005.4,18.3,Clear
2019-08-17,STN005,Sunfield,29.76,-95.37,18.5,16.4,20.6,78.0,3.08,4.12,0.0,0.0,1016.2,17.9,Clear
2019-08-18,STN002,Harborview,34.02,-118.49,21.1,14.5,27.8,68.0,3.99,4.29,0.0,0.0,1010.1,18.4,Clear
2019-08-19,STN005,Sunfield,29.76,-95.37,24.9,21.6,,79.0,5.82,6.98,0.0,0.0,1006.6,18.1,Clear
2019-08-20,STN003,Prairie Town,41.88,-87.63,27.4,25.2,29.6,60.0,3.88,3.91,0.0,0.0,1013.0,17.9,Clear
2019-08-21,STN004,Riverdale,45.5,-73.57,16.5,14.0,19.1,70.0,5.0,8.03,0.0,0.0,1015.6,18.0,Clear
2019-08-22,STN004,Riverdale,45.5,-73.57,22.5,19.3,25.7,65.0,3.39,6.56,0.0,0.0,1005.9,19.8,Clear
2019-08-23,STN004,Riverdale,45.5,-73.57,18.7,15.4,,71.0,0.9,4.85,10.3,0.0,1011.0,13.9,Rain
2019-08-24,STN004,Riverdale,45.5,-73.57,17.4,15.2,19.6,74.0,3.1,5.41,0.0,0.0,1016.4,17.8,Clear
2019-08-25,STN004,Riverdale,45.5,-73.57,19.0,15.6,22.4,84.0,5.94,5.96,0.0,0.0,1006.3,17.6,Clear
2019-08-26,STN004,Riverdale,45.5,-73.57,17.7,14.8,20.7,65.0,4.06,8.1,0.0,0.0,999.3,17.8,Clear
2019-08-27,STN001,Maple Ridge,49.22,-122.6,17.2,13.3,21.0,77.0,9.06,9.38,1.8,0.0,999.8,16.5,Light Rain
2019-08-28,STN005,Sunfield,29.76,-95.37,18.4,14.4,22.3,71.0,4.23,9.43,0.0,0.0,1009.2,18.1,Clear
2019-08-29,STN003,Prairie Town,41.88,-87.63,13.4,9.7,17.1,65.0,5.43,5.57,0.0,0.0,1001.9,17.5,Clear
2019-08-30,STN002,Harborview,34.02,-118.49,14.0,10.4,17.6,81.0,5.7,8.89,8.0,0.0,1009.6,14.2,Rain
2019-08-31,STN003,Prairie Town,41.88,-87.63,19.2,16.8,21.7,78.0,3.72,9.09,0.0,0.0,1025.9,16.9,Clear
2019-09-01,STN005,Sunfield,29.76,-95.37,18.1,16.0,20.2,64.0,3.41,6.85,0.0,0.0,1001.6,18.2,Clear
2019-09-02,STN005,Sunfield,29.76,-95.37,17.0,14.0,20.0,72.0,4.24,7.89,0.0,0.0,1010.3,18.4,Clear
2019-09-03,STN005,Sunfield,29.76,-95.37,18.6,12.8,24.4,58.0,5.63,9.72,19.1,0.0,1029.5,10.4,Rain
2019-09-04,STN003,Prairie Town,41.88,-87.63,19.0,12.1,26.0,60.0,5.0,5.74,10.4,0.0,1015.8,12.0,Rain
2019-09-05,STN004,Riverdale,45.5,-73.57,16.5,9.8,23.1,80.0,4.87,8.92,0.0,0.0,1009.6,18.2,Clear
2019-09-06,STN002,Harborview,34.02,-118.49,15.5,11.0,20.0,70.0,1.77,7.06,0.5,0.0,1011.6,17.8,Light Rain
2019-09-07,STN004,Riverdale,45.5,-73.57,19.3,14.6,23.9,61.0,3.06,8.91,0.0,0.0,1016.1,17.2,Clear
2019-09-08,STN004,Riverdale,45.5,-73.57,20.1,16.6,23.7,69.0,4.67,7.33,0.0,0.0,1026.1,18.7,Clear
2019-09-09,STN002,Harborview,34.02,-118.49,18.4,12.6,24.3,66.0,3.43,5.5,5.9,0.0,1008.4,14.3,Rain
2019-09-10,STN002,Harborview,34.02,-118.49,19.7,13.9,25.5,65.0,6.75,11.27,0.0,0.0,1006.3,19.1,Clear
2019-09-11,STN001,Maple Ridge,49.22,-122.6,18.1,11.8,24.3,75.0,1.03,4.29,0.0,0.0,1001.9,17.7,Clear
2019-09-12,STN001,Maple Ridge,49.22,-122.6,17.6,11.1,24.0,63.0,2.59,4.13,0.0,0.0,1013.6,15.8,Clear
2019-09-13,STN003,Prairie Town,41.88,-87.63,16.9,12.8,21.1,65.0,0.97,2.0,0.0,0.0,1001.7,18.2,Clear
2019-09-14,STN003,Prairie Town,41.88,-87.63,16.7,10.9,22.6,73.0,2.51,3.53,0.0,0.0,1009.0,17.4,Clear
2019-09-15,STN001,Maple Ridge,49.22,-122.6,15.2,9.2,21.3,81.0,0.49,3.25,7.0,0.0,1005.7,14.2,Rain
2019-09-16,STN003,Prairie Town,41.88,-87.63,11.3,7.8,14.8,87.0,8.59,9.61,8.3,0.0,1020.7,13.3,Rain
2019-09-17,STN004,Riverdale,45.5,-73.57,16.0,9.3,22.6,68.0,4.24,4.36,0.0,0.0,1008.5,17.8,Clear
2019-09-18,STN002,Harborview,34.02,-118.49,11.4,8.9,13.8,85.0,3.97,4.28,0.0,0.0,1015.8,17.0,Clear
2019-09-19,STN002,Harborview,34.02,-118.49,12.9,5.9,19.8,71.0,4.03,9.61,2.7,0.0,999.8,14.9,Rain
2019-09-20,STN002,Harborview,34.02,-118.49,19.0,13.1,24.8,82.0,,3.09,2.5,0.0,1013.8,17.8,Rain
2019-09-21,STN003,Prairie Town,41.88,-87.63,16.3,13.8,18.7,65.0,1.89,2.33,0.0,0.0,1003.2,17.8,Clear
2019-09-22,STN002,Harborview,34.02,-118.49,19.2,13.9,24.5,78.0,4.42,7.13,0.7,0.0,1009.2,16.6,Light Rain
2019-09-23,STN004,Riverdale,45.5,-73.57,12.0,9.9,14.2,73.0,1.63,3.1,0.0,0.0,1030.5,16.7,Clear
2019-09-24,STN002,Harborview,34.02,-118.49,10.9,5.1,16.8,93.0,0.98,6.76,0.0,0.0,1020.4,18.0,Clear
2019-09-25,STN003,Prairie Town,41.88,-87.63,12.3,6.3,18.3,81.0,2.8,8.27,0.0,0.0,1011.7,16.3,Clear
2019-09-26,STN002,Harborview,34.02,-118.49,14.4,9.3,19.4,68.0,4.09,6.52,0.7,0.0,1038.2,17.8,Light Rain
2019-09-27,STN001,Maple Ridge,49.22,-122.6,11.8,5.6,18.1,74.0,1.33,4.02,9.5,0.0,1005.5,13.4,Rain
2019-09-28,STN004,Riverdale,45.5,-73.57,15.4,12.9,17.9,79.0,5.76,8.01,0.0,0.0,1021.7,17.1,Clear
2019-09-29,STN002,Harborview,34.02,-118.49,12.5,9.1,15.8,84.0,3.86,4.09,0.0,0.0,1000.4,16.4,Clear
2019-09-30,STN002,Harborview,34.02,-118.49,14.4,10.4,18.5,74.0,6.95,8.7,12.5,0.0,1010.4,12.2,Rain
2019-10-01,STN004,Riverdale,45.5,-73.57,8.5,6.3,10.7,82.0,0.89,1.63,0.0,0.0,1002.1,17.5,Clear
2019-10-02,STN005,Sunfield,29.76,-95.37,15.0,10.8,19.3,79.0,0.53,1.14,0.0,0.0,1015.0,17.9,Clear
2019-10-03,STN004,Riverdale,45.5,-73.57,11.2,7.8,14.5,80.0,2.34,5.7,1.0,0.0,1013.2,16.4,Light Rain
2019-10-04,STN005,Sunfield,29.76,-95.37,11.1,7.1,15.1,70.0,0.78,1.37,0.0,0.0,1010.5,17.8,Clear
2019-10-05,STN005,Sunfield,29.76,-95.37,12.5,8.3,16.6,71.0,5.39,6.01,2.1,0.0,1021.2,17.9,Rain
2019-10-06,STN003,Prairie Town,41.88,-87.63,10.6,4.2,17.0,81.0,4.87,7.75,0.0,0.0,1008.0,15.9,Clear
2019-10-07,STN004,Riverdale,45.5,-73.57,9.7,6.3,13.0,89.0,3.1,5.75,6.0,0.0,1015.3,14.9,Rain
2019-10-08,STN002,Harborview,34.02,-118.49,17.4,10.9,23.8,82.0,1.9,2.72,0.0,0.0,1019.4,16.6,Clear
2019-10-09,STN003,Prairie Town,41.88,-87.63,10.4,6.3,14.5,85.0,3.81,3.83,0.0,0.0,1000.8,16.4,Clear
2019-10-10,STN003,Prairie Town,41.88,-87.63,9.8,,13.4,82.0,3.84,4.99,0.0,0.0,1006.6,17.8,Clear
2019-10-11,STN005,Sunfield,29.76,-95.37,5.9,1.4,10.4,90.0,5.37,6.78,0.0,0.0,1012.9,16.7,Clear
2019-10-12,STN005,Sunfield,29.76,-95.37,9.3,5.3,13.4,76.0,1.94,6.74,0.0,0.0,1017.8,16.5,Clear
2019-10-13,STN003,Prairie Town,41.88,-87.63,9.3,6.0,12.6,80.0,4.97,10.47,0.0,0.0,1023.9,18.9,Clear
2019-10-14,STN004,Riverdale,45.5,-73.57,7.3,2.8,11.8,77.0,4.59,7.02,0.0,0.0,1010.8,18.6,Clear
2019-10-15,STN002,Harborview,34.02,-118.49,15.1,12.3,17.8,65.0,3.2,5.63,4.4,0.0,1010.1,14.4,Rain
2019-10-16,STN005,Sunfield,29.76,-95.37,10.9,7.1,14.7,81.0,0.97,5.25,0.0,0.0,1005.9,16.1,Clear
2019-10-17,STN003,Prairie Town,41.88,-87.63,13.3,8.5,18.1,77.0,1.5,5.26,5.6,0.0,1015.5,16.0,Rain
2019-10-18,STN003,Prairie Town,41.88,-87.63,9.5,5.4,13.5,85.0,1.42,2.52,0.0,0.0,1010.5,17.2,Clear
2019-10-19,STN004,Riverdale,45.5,-73.57,8.7,2.6,14.8,85.0,3.77,4.41,0.0,0.0,1010.4,18.9,Clear
2019-10-20,STN004,Riverdale,45.5,-73.57,8.2,4.9,11.5,84.0,5.89,8.51,0.0,0.0,1011.7,18.1,Clear
2019-10-21,STN001,Maple Ridge,49.22,-122.6,7.7,0.9,14.6,87.0,4.42,7.81,0.0,0.0,1017.0,17.7,Clear
2019-10-22,STN002,Harborview,34.02,-118.49,15.0,9.1,20.9,74.0,2.21,3.04,0.0,0.0,1008.3,16.8,Clear
2019-10-23,STN001,Maple Ridge,49.22,-122.6,0.5,-6.4,7.3,94.0,4.14,5.9,0.8,0.0,1006.4,17.4,Light Rain
2019-10-24,STN004,Riverdale,45.5,-73.57,1.8,-4.3,8.0,85.0,4.54,6.38,0.8,0.0,1016.0,15.9,Light Rain
2019-10-25,STN001,Maple Ridge,49.22,-122.6,5.5,2.8,8.2,88.0,8.53,10.1,0.0,0.0,987.9,18.7,Clear
2019-10-26,STN002,Harborview,34.02,-118.49,9.3,4.7,14.0,85.0,0.97,3.74,2.8,0.0,1008.1,16.7,Rain
2019-10-27,STN003,Prairie Town,41.88,-87.63,10.0,7.2,12.9,75.0,3.86,7.78,2.7,0.0,1003.4,15.9,Rain
2019-10-28,STN004,Riverdale,45.5,-73.57,8.7,2.6,14.8,82.0,6.32,9.38,0.0,0.0,1022.0,18.3,Clear
2019-10-29,STN003,Prairie Town,41.88,-87.63,6.5,1.6,11.5,80.0,1.0,2.21,0.0,0.0,1009.4,19.8,Clear
2019-10-30,STN005,Sunfield,29.76,-95.37,12.4,9.1,15.8,73.0,2.3,2.92,0.0,0.0,1008.3,17.6,Clear
2019-10-31,STN005,Sunfield,29.76,-95.37,12.3,5.7,19.0,69.0,4.16,9.09,,0.0,1012.2,18.5,Clear
2019-11-01,STN001,Maple Ridge,49.22,-122.6,6.8,4.2,9.3,93.0,3.02,5.9,0.0,0.0,1007.9,16.8,Clear
2019-11-02,STN005,Sunfield,29.76,-95.37,11.9,7.1,16.7,85.0,3.57,3.94,1.1,0.0,1009.4,17.1,Light Rain
2019-11-03,STN004,Riverdale,45.5,-73.57,7.3,1.7,12.9,87.0,3.51,5.06,0.0,0.0,1013.4,15.9,Clear
2019-11-04,STN004,Riverdale,45.5,-73.57,4.7,2.4,7.0,100.0,4.53,9.35,0.0,0.0,1009.2,17.0,Clear
2019-11-05,STN001,Maple Ridge,49.22,-122.6,7.8,2.8,12.8,81.0,2.79,7.3,0.0,0.0,1009.3,17.6,Clear
2019-11-06,STN004,Riverdale,45.5,-73.57,6.5,0.4,12.6,100.0,4.69,9.94,0.0,0.0,1004.4,18.8,Clear
2019-11-07,STN004,Riverdale,45.5,-73.57,6.0,3.7,8.4,83.0,5.22,8.83,0.0,0.0,1003.2,15.7,Clear
2019-11-08,STN003,Prairie Town,41.88,-87.63,10.9,6.3,15.4,81.0,4.04,6.58,5.1,0.0,1013.1,15.3,Rain
2019-11-09,STN001,Maple Ridge,49.22,-122.6,-2.1,-5.4,1.2,92.0,2.55,5.11,0.0,0.0,1015.2,18.5,Clear
2019-11-10,STN003,Prairie Town,41.88,-87.63,2.0,-3.3,7.3,92.0,6.23,7.4,6.9,0.0,1001.0,14.2,Rain
2019-11-11,STN005,Sunfield,29.76,-95.37,4.4,1.8,7.0,93.0,0.78,4.68,0.0,0.0,1019.0,17.1,Clear
2019-11-12,STN004,Riverdale,45.5,-73.57,4.4,-2.3,11.1,86.0,3.51,7.02,11.7,0.0,1018.8,11.9,Rain
2019-11-13,STN001,Maple Ridge,49.22,-122.6,4.1,-2.4,10.5,100.0,5.0,5.93,8.7,0.0,1020.3,12.6,Rain
2019-11-14,STN005,Sunfield,29.76,-95.37,3.1,0.2,6.0,90.0,2.92,8.24,0.0,0.0,1015.1,15.5,Clear
2019-11-15,STN005,Sunfield,29.76,-95.37,4.6,1.0,8.2,88.0,2.68,4.89,0.0,0.0,1017.8,16.7,Clear
2019-11-16,STN001,Maple Ridge,49.22,-122.6,1.9,-3.0,6.9,83.0,1.52,1.82,0.0,0.0,1030.3,16.5,Clear
2019-11-17,STN005,Sunfield,29.76,-95.37,14.7,9.1,20.3,77.0,3.24,5.21,2.1,0.0,1010.3,17.0,Rain
2019-11-18,STN003,Prairie Town,41.88,-87.63,10.8,6.6,15.1,78.0,6.94,12.16,0.0,0.0,1003.9,16.9,Clear
2019-11-19,STN003,Prairie Town,41.88,-87.63,4.1,1.3,6.9,83.0,0.76,6.26,6.0,0.0,1000.7,14.7,Rain
2019-11-20,STN003,Prairie Town,41.88,-87.63,4.2,1.7,6.7,82.0,1.03,3.98,0.7,0.0,1026.9,16.8,Light Rain
2019-11-21,STN004,Riverdale,45.5,-73.57,1.2,-5.8,8.2,100.0,6.43,12.17,0.0,0.0,1026.5,17.0,Clear
2019-11-22,STN005,Sunfield,29.76,-95.37,1.2,-3.1,5.5,89.0,9.57,14.82,2.7,0.0,1004.6,15.7,Rain
2019-11-23,STN004,Riverdale,45.5,-73.57,4.1,-2.2,10.5,77.0,4.14,9.1,0.0,0.0,1006.8,16.6,Clear
2019-11-24,STN005,Sunfield,29.76,-95.37,3.8,-0.6,8.2,83.0,9.46,14.62,8.6,0.0,1009.5,14.1,Rain
2019-11-25,STN005,Sunfield,29.76,-95.37,6.4,-0.2,13.0,84.0,,6.05,5.2,0.0,1022.4,16.5,Rain
2019-11-26,STN001,Maple Ridge,49.22,-122.6,-1.1,-3.5,1.3,97.0,3.83,8.36,0.0,0.0,1002.3,17.2,Clear
2019-11-27,STN002,Harborview,34.02,-118.49,3.6,1.1,6.2,92.0,4.83,8.29,10.5,0.0,996.8,12.5,Rain
2019-11-28,STN004,Riverdale,45.5,-73.57,4.6,-2.1,11.2,91.0,8.23,12.55,0.0,0.0,1029.5,17.1,Clear
2019-11-29,STN003,Prairie Town,41.88,-87.63,5.7,-1.0,12.4,81.0,2.48,3.54,0.0,0.0,1015.3,15.5,Clear
2019-11-30,STN001,Maple Ridge,49.22,-122.6,4.7,1.1,8.3,89.0,3.71,8.1,3.5,0.0,1016.3,15.8,Rain
2019-12-01,STN001,Maple Ridge,49.22,-122.6,-0.6,-4.3,3.2,87.0,6.98,12.73,0.0,0.0,1010.7,17.0,Clear
2019-12-02,STN003,Prairie Town,41.88,-87.63,7.0,2.7,11.3,79.0,6.75,8.57,0.9,0.0,1016.1,16.3,Light Rain
2019-12-03,STN004,Riverdale,45.5,-73.57,1.4,-2.6,5.5,84.0,6.36,12.28,0.0,0.0,1000.3,16.7,Clear
2019-12-04,STN001,Maple Ridge,49.22,-122.6,5.1,2.2,8.1,78.0,4.65,6.92,3.3,0.0,1005.8,15.9,Rain
2019-12-05,STN001,Maple Ridge,49.22,-122.6,3.2,-3.3,9.7,96.0,4.66,5.85,0.0,0.0,1013.4,18.1,Clear
2019-12-06,STN001,Maple Ridge,49.22,-122.6,-1.0,-4.2,2.3,98.0,3.77,4.45,0.0,0.0,994.5,18.2,Clear
2019-12-07,STN003,Prairie Town,41.88,-87.63,3.3,-2.3,8.8,95.0,1.17,5.88,0.0,0.0,1010.5,16.2,Clear
2019-12-08,STN001,Maple Ridge,49.22,-122.6,4.2,1.8,6.5,87.0,2.82,6.15,0.0,0.0,1009.8,16.9,Clear
2019-12-09,STN003,Prairie Town,41.88,-87.63,6.0,3.8,8.2,90.0,5.0,6.84,0.0,0.0,1010.1,16.8,Clear
2019-12-10,STN003,Prairie Town,41.88,-87.63,3.7,-1.6,9.0,75.0,2.9,6.55,0.0,0.0,1008.3,18.6,Clear
2019-12-11,STN003,Prairie Town,41.88,-87.63,8.7,5.0,12.4,88.0,2.47,4.46,0.0,0.0,1004.8,17.5,Clear
2019-12-12,STN004,Riverdale,45.5,-73.57,6.5,1.3,11.8,85.0,0.63,3.32,0.0,0.0,998.4,17.5,Clear
2019-12-13,STN003,Prairie Town,41.88,-87.63,3.3,0.8,5.7,92.0,5.45,10.63,0.0,0.0,1013.6,17.8,Clear
2019-12-14,STN004,Riverdale,45.5,-73.57,5.7,-1.0,12.5,88.0,3.74,7.75,0.0,0.0,1010.2,16.8,Clear
2019-12-15,STN004,Riverdale,45.5,-73.57,9.3,3.5,15.0,74.0,2.95,7.53,6.3,0.0,1001.7,16.6,Rain
2019-12-16,STN005,Sunfield,29.76,-95.37,11.7,5.3,18.1,67.0,4.45,7.96,0.0,0.0,1013.1,18.0,Clear
2019-12-17,STN004,Riverdale,45.5,-73.57,-0.2,-2.9,2.4,87.0,1.78,7.73,0.0,0.0,1010.5,16.5,Clear
2019-12-18,STN003,Prairie Town,41.88,-87.63,1.2,-2.4,4.8,95.0,6.15,7.59,0.0,0.0,1008.7,16.9,Clear
2019-12-19,STN003,Prairie Town,41.88,-87.63,8.4,4.6,12.3,87.0,3.88,5.46,7.4,0.0,995.4,15.7,Rain
2019-12-20,STN002,Harborview,34.02,-118.49,2.0,-2.7,6.7,80.0,6.02,6.57,0.0,0.0,1017.9,17.2,Clear
2019-12-21,STN003,Prairie Town,41.88,-87.63,0.0,-3.5,3.5,85.0,0.66,3.99,7.7,0.0,1003.1,15.3,Rain
2019-12-22,STN001,Maple Ridge,49.22,-122.6,1.4,-0.9,3.7,85.0,1.84,5.52,0.0,0.0,1013.3,16.8,Clear
2019-12-23,STN005,Sunfield,29.76,-95.37,7.1,3.2,10.9,81.0,1.42,5.78,0.0,0.0,1006.4,16.8,Clear
2019-12-24,STN005,Sunfield,29.76,-95.37,5.5,2.2,8.8,76.0,2.17,4.18,0.4,0.0,1009.7,18.2,Light Rain
2019-12-25,STN001,Maple Ridge,49.22,-122.6,1.0,-3.0,4.9,81.0,4.71,4.79,0.0,0.0,1021.7,16.7,Clear
2019-12-26,STN004,Riverdale,45.5,-73.57,1.5,-1.5,4.4,84.0,1.49,5.29,0.2,0.0,1017.1,18.2,Light Rain
2019-12-27,STN001,Maple Ridge,49.22,-122.6,0.8,-2.5,4.1,92.0,7.46,13.45,0.0,0.0,1021.3,17.6,Clear
2019-12-28,STN004,Riverdale,45.5,-73.57,0.9,-4.3,6.0,83.0,4.18,5.95,0.0,0.0,1015.2,16.6,Clear
2019-12-29,STN001,Maple Ridge,49.22,-122.6,9.8,5.9,13.8,79.0,5.27,6.37,0.0,0.0,1015.6,17.5,Clear
2019-12-30,STN003,Prairie Town,41.88,-87.63,5.0,1.3,8.7,93.0,7.51,9.21,0.0,0.0,998.0,16.6,Clear
2019-12-31,STN004,Riverdale,45.5,-73.57,6.3,1.6,10.9,75.0,2.79,5.34,0.2,0.0,1010.2,18.0,Light Rain
2020-01-01,STN004,Riverdale,45.5,-73.57,2.2,-3.7,8.0,88.0,4.69,6.19,0.0,0.0,1010.7,19.2,Clear
2020-01-02,STN003,Prairie Town,41.88,-87.63,3.7,-0.2,7.6,95.0,1.19,3.28,0.0,0.0,1022.7,16.8,Clear
2020-01-03,STN005,Sunfield,29.76,-95.37,3.9,-1.0,8.9,84.0,1.0,4.83,0.2,0.0,1008.9,17.9,Light Rain
2020-01-04,STN004,Riverdale,45.5,-73.57,-4.2,-11.0,2.6,93.0,3.47,5.54,0.0,0.0,1014.8,17.2,Clear
2020-01-05,STN002,Harborview,34.02,-118.49,1.4,-3.2,6.0,98.0,,6.72,0.0,0.0,1014.4,17.1,Clear
2020-01-06,STN004,Riverdale,45.5,-73.57,-1.6,-8.1,5.0,,4.72,4.96,0.0,0.0,1021.8,17.1,Clear
2020-01-07,STN004,Riverdale,45.5,-73.57,-2.8,-8.8,3.1,100.0,5.98,11.49,0.0,0.0,1011.3,16.1,Clear
2020-01-08,STN002,Harborview,34.02,-118.49,2.1,-0.2,4.4,92.0,5.5,7.94,0.0,0.0,1019.1,17.6,Clear
2020-01-09,STN004,Riverdale,45.5,-73.57,8.0,3.9,12.1,80.0,3.97,5.94,0.0,0.0,999.0,17.3,Clear
2020-01-10,STN005,Sunfield,29.76,-95.37,6.3,0.8,11.8,88.0,3.4,3.92,,0.0,999.7,16.3,Light Rain
2020-01-11,STN005,Sunfield,29.76,-95.37,10.4,3.5,17.3,82.0,2.96,6.77,0.0,0.0,994.4,18.6,Clear
2020-01-12,STN004,Riverdale,45.5,-73.57,5.5,1.2,9.7,93.0,0.33,5.51,0.0,0.0,1019.3,17.3,Clear
2020-01-13,STN004,Riverdale,45.5,-73.57,6.6,4.2,9.1,80.0,4.55,4.79,13.9,0.0,1017.9,11.8,Rain
2020-01-14,STN002,Harborview,34.02,-118.49,3.4,-1.4,8.2,88.0,5.9,6.77,0.0,0.0,1019.6,18.7,Clear
2020-01-15,STN004,Riverdale,45.5,-73.57,6.0,3.4,8.6,84.0,5.16,6.04,0.2,0.0,1007.1,15.5,Light Rain
2020-01-16,STN002,Harborview,34.02,-118.49,8.4,2.7,,87.0,2.76,6.38,0.0,0.0,1008.2,18.7,Clear
2020-01-17,STN003,Prairie Town,41.88,-87.63,3.4,-1.1,7.9,81.0,3.38,8.9,0.0,0.0,1011.7,16.7,Clear
2020-01-18,STN002,Harborview,34.02,-118.49,8.1,2.5,13.7,89.0,2.91,5.54,0.0,0.0,1024.3,17.5,Clear
2020-01-19,STN002,Harborview,34.02,-118.49,8.2,1.8,14.5,85.0,3.27,5.33,0.8,0.0,1026.2,16.5,Light Rain
2020-01-20,STN001,Maple Ridge,49.22,-122.6,2.6,-2.5,7.8,80.0,3.78,8.38,0.0,0.0,1019.0,16.7,Clear
2020-01-21,STN005,Sunfield,29.76,-95.37,3.9,-1.1,9.0,96.0,1.32,5.77,0.0,0.0,1015.5,18.4,Clear
2020-01-22,STN001,Maple Ridge,49.22,-122.6,0.9,-4.9,6.7,100.0,2.24,3.72,0.0,0.0,1023.5,18.9,Clear
2020-01-23,STN001,Maple Ridge,49.22,-122.6,4.8,-1.4,11.0,93.0,1.45,2.42,0.0,0.0,1010.8,17.0,Clear
2020-01-24,STN005,Sunfield,29.76,-95.37,8.6,2.2,14.9,92.0,,2.56,0.0,0.0,1009.8,17.6,Clear
2020-01-25,STN003,Prairie Town,41.88,-87.63,3.5,1.3,5.7,88.0,2.57,7.23,0.0,0.0,1011.7,17.4,Clear
2020-01-26,STN003,Prairie Town,41.88,-87.63,6.0,1.3,10.8,73.0,3.14,7.31,0.0,0.0,1004.9,19.5,Clear
2020-01-27,STN004,Riverdale,45.5,-73.57,7.2,4.1,10.3,70.0,3.01,7.0,0.0,0.0,1011.3,15.8,Clear
2020-01-28,STN002,Harborview,34.02,-118.49,9.2,2.9,15.5,83.0,0.81,5.78,4.3,0.0,1004.0,16.2,Rain
2020-01-29,STN001,Maple Ridge,49.22,-122.6,9.8,4.6,15.1,,5.56,7.22,0.0,0.0,1020.6,17.0,Clear
2020-01-30,STN004,Riverdale,45.5,-73.57,9.7,5.6,13.8,74.0,1.73,3.76,0.0,0.0,1017.2,15.4,Clear
2020-01-31,STN001,Maple Ridge,49.22,-122.6,2.4,-0.5,5.3,89.0,4.06,4.32,0.0,0.0,1024.0,17.0,Clear
2020-02-01,STN003,Prairie Town,41.88,-87.63,11.7,8.0,15.4,82.0,4.18,9.39,0.0,0.0,999.5,19.4,Clear
2020-02-02,STN005,Sunfield,29.76,-95.37,7.0,1.4,12.5,73.0,1.49,4.99,0.0,0.0,1028.1,17.1,Clear
2020-02-03,STN005,Sunfield,29.76,-95.37,11.8,8.8,14.8,75.0,0.78,2.57,4.8,0.0,1000.3,16.6,Rain
2020-02-04,STN002,Harborview,34.02,-118.49,8.4,5.9,10.8,93.0,0.68,1.1,0.0,0.0,1003.3,18.4,Clear
2020-02-05,STN004,Riverdale,45.5,-73.57,5.3,-1.1,11.8,78.0,2.43,6.77,,0.0,1007.8,17.6,Clear
2020-02-06,STN004,Riverdale,45.5,-73.57,1.3,-4.6,7.1,97.0,3.95,8.44,0.0,0.0,1023.1,17.2,Clear
2020-02-07,STN003,Prairie Town,41.88,-87.63,6.8,3.8,,80.0,1.61,5.61,0.0,0.0,1014.6,15.9,Clear
2020-02-08,STN001,Maple Ridge,49.22,-122.6,1.7,-1.8,5.2,94.0,1.14,2.37,0.0,0.0,1010.9,16.5,Clear
2020-02-09,STN002,Harborview,34.02,-118.49,11.7,4.8,18.6,86.0,4.01,9.49,0.0,0.0,1006.3,18.3,Clear
2020-02-10,STN004,Riverdale,45.5,-73.57,11.8,6.2,17.3,83.0,1.68,6.19,0.0,0.0,1001.8,17.6,Clear
2020-02-11,STN005,Sunfield,29.76,-95.37,7.3,2.3,12.4,90.0,5.47,9.41,0.0,0.0,1021.5,17.7,Clear
2020-02-12,STN001,Maple Ridge,49.22,-122.6,7.8,4.3,11.4,75.0,3.49,7.39,0.0,0.0,1019.0,17.9,Clear
2020-02-13,STN004,Riverdale,45.5,-73.57,5.4,1.9,8.9,93.0,3.99,9.41,0.2,0.0,1023.4,19.3,Light Rain
2020-02-14,STN005,Sunfield,29.76,-95.37,8.2,6.0,10.4,76.0,6.13,11.7,0.0,0.0,1015.6,17.3,Clear
2020-02-15,STN005,Sunfield,29.76,-95.37,12.6,6.9,18.2,79.0,1.79,5.36,0.0,0.0,991.7,19.2,Clear
2020-02-16,STN003,Prairie Town,41.88,-87.63,8.5,6.3,10.7,84.0,3.84,6.34,0.0,0.0,1002.7,17.6,Clear
2020-02-17,STN001,Maple Ridge,49.22,-122.6,12.9,10.8,14.9,80.0,2.76,4.94,0.0,0.0,1016.4,19.3,Clear
2020-02-18,STN002,Harborview,34.02,-118.49,8.6,3.0,14.3,84.0,1.59,6.51,0.0,0.0,1009.9,16.3,Clear
2020-02-19,STN005,Sunfield,29.76,-95.37,13.8,7.1,20.6,69.0,4.03,7.9,0.0,0.0,1008.1,18.1,Clear
2020-02-20,STN005,Sunfield,29.76,-95.37,11.3,5.5,17.1,69.0,0.8,1.26,0.0,0.0,1004.1,17.5,Clear
2020-02-21,STN004,Riverdale,45.5,-73.57,11.2,6.8,15.5,85.0,5.8,6.66,0.0,0.0,1020.0,17.6,Clear
2020-02-22,STN001,Maple Ridge,49.22,-122.6,,2.6,11.5,85.0,4.54,9.94,4.0,0.0,1016.2,17.1,Rain
2020-02-23,STN001,Maple Ridge,49.22,-122.6,8.4,4.2,12.6,90.0,8.43,13.73,0.0,0.0,1016.2,17.7,Clear
2020-02-24,STN003,Prairie Town,41.88,-87.63,9.5,5.8,13.1,80.0,3.33,9.04,0.0,0.0,1007.6,18.8,Clear
2020-02-25,STN003,Prairie Town,41.88,-87.63,7.4,2.8,12.1,73.0,6.73,9.3,0.0,0.0,1013.7,17.1,Clear
2020-02-26,STN001,Maple Ridge,49.22,-122.6,11.0,,15.2,86.0,1.91,6.61,13.9,0.0,1002.1,11.1,Rain
2020-02-27,STN004,Riverdale,45.5,-73.57,11.7,6.7,16.7,75.0,3.68,8.65,0.0,0.0,1011.6,17.8,Clear
2020-02-28,STN003,Prairie Town,41.88,-87.63,12.2,5.7,18.7,80.0,3.68,5.57,0.0,0.0,992.4,17.6,Clear
2020-02-29,STN001,Maple Ridge,49.22,-122.6,14.1,7.1,21.1,71.0,4.57,5.44,0.0,0.0,1000.0,17.7,Clear
2020-03-01,STN001,Maple Ridge,49.22,-122.6,14.0,11.6,16.4,87.0,7.24,13.22,1.0,0.0,1009.7,16.1,Light Rain
2020-03-02,STN003,Prairie Town,41.88,-87.63,9.8,5.9,13.7,74.0,5.34,5.52,0.0,0.0,1031.5,19.0,Clear
2020-03-03,STN004,Riverdale,45.5,-73.57,11.7,8.8,14.6,76.0,1.18,4.76,,0.0,998.5,17.4,Clear
2020-03-04,STN005,Sunfield,29.76,-95.37,11.2,7.4,15.0,79.0,3.88,7.78,6.0,0.0,1002.7,16.7,Rain
2020-03-05,STN003,Prairie Town,41.88,-87.63,,8.0,14.9,71.0,2.63,6.72,3.9,0.0,1014.5,16.3,Rain
2020-03-06,STN002,Harborview,34.02,-118.49,11.0,8.1,13.8,81.0,1.57,3.1,10.6,0.0,1027.0,14.0,Rain
2020-03-07,STN005,Sunfield,29.76,-95.37,18.4,12.6,24.2,81.0,3.43,7.76,0.0,0.0,1014.3,18.1,Clear
2020-03-08,STN003,Prairie Town,41.88,-87.63,13.0,8.5,17.5,73.0,3.03,4.33,1.0,0.0,1018.3,16.6,Light Rain
2020-03-09,STN002,Harborview,34.02,-118.49,12.6,6.0,19.2,80.0,0.79,5.76,,0.0,1010.2,18.0,Clear
2020-03-10,STN003,Prairie Town,41.88,-87.63,15.8,13.7,18.0,54.0,3.78,5.09,0.0,0.0,1008.5,20.0,Clear
2020-03-11,STN001,Maple Ridge,49.22,-122.6,4.8,2.5,7.1,,1.33,5.51,0.0,0.0,1013.5,17.7,Clear
2020-03-12,STN002,Harborview,34.02,-118.49,7.7,3.7,11.7,81.0,5.01,9.71,0.0,0.0,1007.2,18.5,Clear
2020-03-13,STN003,Prairie Town,41.88,-87.63,15.2,12.8,17.6,68.0,2.33,3.46,0.0,0.0,1018.6,18.7,Clear
2020-03-14,STN005,Sunfield,29.76,-95.37,14.9,11.6,18.3,82.0,4.02,5.45,4.3,0.0,999.7,16.2,Rain
2020-03-15,STN004,Riverdale,45.5,-73.57,13.3,6.4,20.2,74.0,1.85,6.52,0.0,0.0,1019.9,18.0,Clear
2020-03-16,STN004,Riverdale,45.5,-73.57,8.8,5.7,11.8,80.0,6.43,6.95,11.8,0.0,1012.7,13.4,Rain
2020-03-17,STN003,Prairie Town,41.88,-87.63,13.4,10.4,16.4,,0.99,2.14,0.9,0.0,1011.2,18.2,Light Rain
2020-03-18,STN001,Maple Ridge,49.22,-122.6,18.5,13.7,23.4,56.0,6.28,9.02,0.0,0.0,999.2,17.0,Clear
2020-03-19,STN002,Harborview,34.02,-118.49,17.4,13.0,21.9,,1.89,7.47,3.2,0.0,1005.0,17.1,Rain
2020-03-20,STN005,Sunfield,29.76,-95.37,16.3,11.4,21.2,79.0,1.68,5.05,6.3,0.0,1022.4,14.9,Rain
2020-03-21,STN001,Maple Ridge,49.22,-122.6,11.7,7.8,15.6,63.0,4.07,6.39,0.0,0.0,1010.9,17.7,Clear
2020-03-22,STN005,Sunfield,29.76,-95.37,14.9,8.8,21.1,69.0,3.77,9.64,0.0,0.0,1014.8,19.2,Clear
2020-03-23,STN004,Riverdale,45.5,-73.57,,4.9,10.2,80.0,7.55,10.33,1.6,0.0,1005.2,16.2,Light Rain
2020-03-24,STN002,Harborview,34.02,-118.49,16.6,12.5,20.7,84.0,3.48,6.09,0.0,0.0,1012.4,16.1,Clear
2020-03-25,STN004,Riverdale,45.5,-73.57,16.8,11.4,22.3,77.0,2.05,4.52,0.0,0.0,1001.8,18.5,Clear
2020-03-26,STN005,Sunfield,29.76,-95.37,12.1,5.7,18.4,74.0,3.99,5.87,0.0,0.0,1013.4,16.4,Clear
2020-03-27,STN001,Maple Ridge,49.22,-122.6,12.1,8.2,15.9,87.0,3.79,5.75,11.2,0.0,1015.6,11.0,Rain
2020-03-28,STN001,Maple Ridge,49.22,-122.6,10.8,5.9,15.6,74.0,3.79,7.92,0.0,0.0,1015.2,18.7,Clear
2020-03-29,STN004,Riverdale,45.5,-73.57,12.1,9.7,14.4,85.0,7.83,8.08,0.0,0.0,1005.0,17.6,Clear
2020-03-30,STN005,Sunfield,29.76,-95.37,17.7,14.8,,61.0,2.31,6.4,1.2,0.0,1010.0,18.1,Light Rain
2020-03-31,STN001,Maple Ridge,49.22,-122.6,8.5,6.1,10.8,89.0,3.15,4.36,7.0,0.0,1017.0,14.1,Rain
2020-04-01,STN004,Riverdale,45.5,-73.57,17.3,11.7,23.0,68.0,5.59,7.9,1.2,0.0,1010.7,16.1,Light Rain
2020-04-02,STN001,Maple Ridge,49.22,-122.6,17.3,13.9,20.8,64.0,4.37,5.25,0.0,0.0,1010.3,16.9,Clear
2020-04-03,STN004,Riverdale,45.5,-73.57,15.1,9.4,20.7,72.0,2.03,5.35,0.8,0.0,1028.0,17.3,Light Rain
2020-04-04,STN004,Riverdale,45.5,-73.57,8.5,6.2,10.9,84.0,5.02,9.4,0.0,0.0,1004.9,16.2,Clear
2020-04-05,STN001,Maple Ridge,49.22,-122.6,12.6,6.3,18.9,73.0,1.81,3.94,0.0,0.0,1021.5,18.1,Clear
2020-04-06,STN004,Riverdale,45.5,-73.57,20.0,13.8,26.2,72.0,4.42,5.4,1.3,0.0,1003.3,16.9,Light Rain
2020-04-07,STN005,Sunfield,29.76,-95.37,10.5,8.1,12.9,75.0,5.91,7.27,0.0,0.0,1017.6,17.9,Clear
2020-04-08,STN005,Sunfield,29.76,-95.37,18.0,15.8,20.1,75.0,5.08,9.99,11.1,0.0,1018.2,13.5,Rain
2020-04-09,STN001,Maple Ridge,49.22,-122.6,12.7,10.4,15.0,80.0,0.5,2.1,1.5,0.0,1008.9,17.4,Light Rain
2020-04-10,STN002,Harborview,34.02,-118.49,21.1,14.8,27.4,66.0,3.58,8.23,0.0,0.0,1002.9,18.5,Clear
2020-04-11,STN002,Harborview,34.02,-118.49,16.8,13.6,20.0,69.0,1.73,3.72,0.0,0.0,997.1,17.6,Clear
2020-04-12,STN003,Prairie Town,41.88,-87.63,19.0,14.3,23.8,70.0,2.65,3.78,0.0,0.0,1007.8,18.1,Clear
2020-04-13,STN001,Maple Ridge,49.22,-122.6,18.6,14.4,22.7,74.0,4.98,9.35,0.0,0.0,1016.7,18.0,Clear
2020-04-14,STN005,Sunfield,29.76,-95.37,25.5,19.5,31.4,76.0,1.86,4.67,12.7,0.0,1004.2,10.2,Rain
2020-04-15,STN004,Riverdale,45.5,-73.57,17.1,12.7,21.6,78.0,6.9,7.09,0.0,0.0,1013.1,18.3,Clear
2020-04-16,STN005,Sunfield,29.76,-95.37,21.4,16.9,25.9,73.0,0.7,6.46,8.5,0.0,1001.1,14.5,Rain
2020-04-17,STN001,Maple Ridge,49.22,-122.6,13.0,6.1,20.0,98.0,1.84,2.73,0.0,0.0,1010.9,17.6,Clear
2020-04-18,STN001,Maple Ridge,49.22,-122.6,21.2,18.5,24.0,70.0,0.96,3.08,0.0,0.0,1003.7,16.6,Clear
2020-04-19,STN005,Sunfield,29.76,-95.37,18.4,12.3,24.6,73.0,3.5,5.81,0.0,0.0,1012.0,17.5,Clear
2020-04-20,STN002,Harborview,34.02,-118.49,18.5,,20.8,75.0,2.27,5.2,0.0,0.0,1008.8,16.7,Clear
2020-04-21,STN004,Riverdale,45.5,-73.57,18.6,14.2,23.0,63.0,3.56,8.27,0.0,0.0,1003.1,18.9,Clear
2020-04-22,STN005,Sunfield,29.76,-95.37,16.5,10.0,22.9,69.0,6.13,6.16,0.0,0.0,1007.1,16.5,Clear
2020-04-23,STN001,Maple Ridge,49.22,-122.6,19.1,13.7,24.4,66.0,4.19,9.79,5.7,0.0,1005.1,14.8,Rain
2020-04-24,STN001,Maple Ridge,49.22,-122.6,21.4,16.0,26.9,71.0,0.92,4.8,1.7,0.0,1002.4,17.7,Light Rain
2020-04-25,STN001,Maple Ridge,49.22,-122.6,19.6,16.2,22.9,67.0,0.31,6.01,0.7,0.0,1021.6,17.1,Light Rain
2020-04-26,STN001,Maple Ridge,49.22,-122.6,14.0,10.0,18.1,76.0,4.42,9.33,0.0,0.0,1009.7,16.8,Clear
2020-04-27,STN001,Maple Ridge,49.22,-122.6,18.6,14.7,22.4,77.0,1.37,6.93,0.0,0.0,995.2,18.6,Clear
2020-04-28,STN005,Sunfield,29.76,-95.37,24.2,19.6,28.8,69.0,3.64,7.25,0.5,0.0,1007.6,18.7,Light Rain
2020-04-29,STN004,Riverdale,45.5,-73.57,14.1,9.8,18.5,74.0,6.58,8.73,0.0,0.0,1019.7,18.5,Clear
2020-04-30,STN005,Sunfield,29.76,-95.37,19.0,15.4,22.7,64.0,3.83,6.49,0.0,0.0,1006.5,18.9,Clear
2020-05-01,STN005,Sunfield,29.76,-95.37,25.0,21.5,28.6,70.0,4.85,8.8,5.6,0.0,1024.5,15.4,Rain
2020-05-02,STN005,Sunfield,29.76,-95.37,23.3,20.1,26.6,69.0,2.95,5.51,0.0,0.0,1005.9,17.7,Clear
2020-05-03,STN002,Harborview,34.02,-118.49,23.2,19.4,,53.0,2.99,7.38,0.0,0.0,1016.7,17.8,Clear
2020-05-04,STN002,Harborview,34.02,-118.49,27.7,25.0,30.5,57.0,0.79,1.35,0.0,0.0,1021.2,18.5,Clear
2020-05-05,STN005,Sunfield,29.76,-95.37,24.3,17.9,30.7,64.0,1.7,6.68,0.0,0.0,1016.4,17.6,Clear
2020-05-06,STN002,Harborview,34.02,-118.49,24.4,19.3,29.4,68.0,0.91,2.13,0.0,0.0,1001.9,17.5,Clear
2020-05-07,STN001,Maple Ridge,49.22,-122.6,28.3,25.7,31.0,64.0,2.61,8.28,0.0,0.0,1005.2,18.7,Clear
2020-05-08,STN004,Riverdale,45.5,-73.57,20.2,14.8,25.7,70.0,4.47,5.4,,0.0,1021.9,19.1,Clear
2020-05-09,STN005,Sunfield,29.76,-95.37,21.0,14.7,27.2,71.0,1.57,2.35,0.0,0.0,1006.4,18.3,Clear
2020-05-10,STN005,Sunfield,29.76,-95.37,24.8,21.6,27.9,63.0,5.69,10.56,0.0,0.0,1020.2,19.9,Clear
2020-05-11,STN005,Sunfield,29.76,-95.37,24.9,22.1,27.7,57.0,3.65,8.56,0.0,0.0,1009.2,17.6,Clear
2020-05-12,STN001,Maple Ridge,49.22,-122.6,19.2,17.1,21.2,67.0,4.04,8.47,0.0,0.0,1013.7,16.1,Clear
2020-05-13,STN004,Riverdale,45.5,-73.57,18.3,16.1,20.6,70.0,5.53,11.29,0.9,0.0,1001.4,18.3,Light Rain
2020-05-14,STN005,Sunfield,29.76,-95.37,30.8,25.0,36.6,55.0,3.49,5.12,5.0,0.0,1007.8,15.6,Rain
2020-05-15,STN004,Riverdale,45.5,-73.57,22.6,15.7,29.6,52.0,4.05,9.01,0.0,0.0,1005.6,18.2,Clear
2020-05-16,STN005,Sunfield,29.76,-95.37,,19.7,24.1,63.0,,5.82,0.0,0.0,1014.4,16.3,Clear
2020-05-17,STN005,Sunfield,29.76,-95.37,26.9,21.2,32.7,60.0,,4.33,0.0,0.0,1013.6,17.3,Clear
2020-05-18,STN003,Prairie Town,41.88,-87.63,22.1,19.8,24.5,63.0,1.92,4.6,0.0,0.0,1016.5,16.6,Clear
2020-05-19,STN001,Maple Ridge,49.22,-122.6,20.7,15.7,25.7,65.0,5.33,5.37,3.5,0.0,1008.5,16.2,Rain
2020-05-20,STN003,Prairie Town,41.88,-87.63,24.3,18.5,30.1,66.0,7.88,11.32,6.2,0.0,1004.8,15.2,Rain
2020-05-21,STN002,Harborview,34.02,-118.49,20.0,16.2,23.8,60.0,1.78,6.27,0.0,0.0,1014.3,18.3,Clear
2020-05-22,STN001,Maple Ridge,49.22,-122.6,22.8,20.7,24.8,53.0,3.07,4.12,0.8,0.0,1004.5,19.3,Light Rain
2020-05-23,STN001,Maple Ridge,49.22,-122.6,27.5,22.5,,57.0,2.33,7.92,0.0,0.0,1021.4,19.0,Clear
2020-05-24,STN004,Riverdale,45.5,-73.57,23.8,16.9,30.8,69.0,4.33,7.51,0.0,0.0,1011.7,16.3,Clear
2020-05-25,STN003,Prairie Town,41.88,-87.63,21.9,18.6,25.2,78.0,3.76,4.83,0.0,0.0,1010.0,18.3,Clear
2020-05-26,STN003,Prairie Town,41.88,-87.63,21.6,18.6,24.5,72.0,0.86,4.73,0.0,0.0,1016.6,18.0,Clear
2020-05-27,STN004,Riverdale,45.5,-73.57,21.4,18.8,24.0,56.0,7.87,9.02,0.0,0.0,1011.6,18.2,Clear
2020-05-28,STN003,Prairie Town,41.88,-87.63,22.5,17.7,27.3,63.0,6.81,7.19,0.0,0.0,999.1,18.1,Clear
2020-05-29,STN004,Riverdale,45.5,-73.57,21.6,,26.6,68.0,,8.88,5.4,0.0,1004.0,16.0,Rain
2020-05-30,STN001,Maple Ridge,49.22,-122.6,25.0,19.1,31.0,63.0,3.74,4.4,0.0,0.0,1021.1,17.4,Clear
2020-05-31,STN005,Sunfield,29.76,-95.37,20.0,14.3,25.8,72.0,2.47,3.11,0.0,0.0,1013.4,17.7,Clear
2020-06-01,STN003,Prairie Town,41.88,-87.63,26.1,19.6,32.5,54.0,3.02,7.46,2.1,0.0,999.2,18.7,Rain
2020-06-02,STN001,Maple Ridge,49.22,-122.6,21.3,15.3,27.3,67.0,2.69,3.02,0.0,0.0,1015.5,17.3,Clear
2020-06-03,STN005,Sunfield,29.76,-95.37,26.5,23.3,29.8,63.0,3.03,7.89,0.0,0.0,1008.2,17.1,Clear
2020-06-04,STN004,Riverdale,45.5,-73.57,19.7,14.9,,74.0,1.15,5.93,5.2,0.0,1005.9,15.6,Rain
2020-06-05,STN001,Maple Ridge,49.22,-122.6,26.6,23.1,30.0,54.0,5.81,6.66,0.0,0.0,1003.3,17.2,Clear
2020-06-06,STN001,Maple Ridge,49.22,-122.6,26.3,22.7,30.0,58.0,3.93,7.04,0.0,0.0,1020.6,16.5,Clear
2020-06-07,STN001,Maple Ridge,49.22,-122.6,25.5,18.9,32.2,42.0,3.22,3.8,0.0,0.0,997.0,18.4,Clear
2020-06-08,STN002,Harborview,34.02,-118.49,20.4,15.0,25.8,63.0,4.66,8.46,0.0,0.0,1005.8,19.6,Clear
2020-06-09,STN001,Maple Ridge,49.22,-122.6,25.2,18.3,32.1,58.0,4.69,5.07,0.0,0.0,1013.5,18.2,Clear
2020-06-10,STN004,Riverdale,45.5,-73.57,24.5,20.4,28.6,55.0,0.72,6.39,0.0,0.0,1025.6,18.5,Clear
2020-06-11,STN003,Prairie Town,41.88,-87.63,19.1,14.4,23.7,70.0,1.76,3.0,0.0,0.0,1017.3,15.8,Clear
2020-06-12,STN005,Sunfield,29.76,-95.37,25.6,21.2,30.1,61.0,3.44,7.54,6.1,0.0,1005.9,16.2,Rain
2020-06-13,STN004,Riverdale,45.5,-73.57,24.5,21.9,27.0,47.0,5.51,6.28,4.2,0.0,1024.7,17.0,Rain
2020-06-14,STN004,Riverdale,45.5,-73.57,25.1,21.9,28.2,63.0,5.64,6.89,0.0,0.0,1001.6,17.4,Clear
2020-06-15,STN003,Prairie Town,41.88,-87.63,24.5,19.8,29.1,56.0,2.58,5.29,0.0,0.0,1014.9,18.5,Clear
2020-06-16,STN001,Maple Ridge,49.22,-122.6,23.7,21.4,,67.0,5.02,8.46,3.6,0.0,1016.4,16.7,Rain
2020-06-17,STN001,Maple Ridge,49.22,-122.6,27.3,20.6,33.9,50.0,0.62,6.61,0.0,0.0,1005.9,17.4,Clear
2020-06-18,STN004,Riverdale,45.5,-73.57,27.1,24.5,29.7,60.0,4.62,4.78,0.0,0.0,1018.1,18.5,Clear
2020-06-19,STN001,Maple Ridge,49.22,-122.6,14.3,11.3,17.3,73.0,3.27,3.27,0.0,0.0,1008.6,19.0,Clear
2020-06-20,STN001,Maple Ridge,49.22,-122.6,21.9,16.1,27.7,68.0,2.4,4.5,0.0,0.0,1018.3,17.7,Clear
2020-06-21,STN002,Harborview,34.02,-118.49,24.6,22.2,27.1,63.0,3.75,5.95,0.0,0.0,997.9,17.2,Clear
2020-06-22,STN005,Sunfield,29.76,-95.37,20.5,14.0,27.0,66.0,4.03,9.33,0.0,0.0,1015.3,17.9,Clear
2020-06-23,STN003,Prairie Town,41.88,-87.63,,18.6,29.9,52.0,7.1,12.58,0.0,0.0,1009.0,19.3,Clear
2020-06-24,STN004,Riverdale,45.5,-73.57,27.1,24.8,29.5,49.0,7.85,13.14,2.3,0.0,1021.4,16.4,Rain
2020-06-25,STN003,Prairie Town,41.88,-87.63,20.7,15.2,26.1,63.0,3.18,4.04,0.0,0.0,1012.3,18.7,Clear
2020-06-26,STN001,Maple Ridge,49.22,-122.6,23.8,18.7,29.0,63.0,5.59,8.06,0.9,0.0,1022.4,17.1,Light Rain
2020-06-27,STN002,Harborview,34.02,-118.49,22.3,16.5,28.1,61.0,3.02,7.5,0.0,0.0,1016.8,18.4,Clear
2020-06-28,STN001,Maple Ridge,49.22,-122.6,20.7,14.6,26.9,71.0,4.16,6.04,2.8,0.0,1011.6,16.2,Rain
2020-06-29,STN004,Riverdale,45.5,-73.57,27.7,22.1,33.3,57.0,2.09,6.07,0.0,0.0,1019.1,17.7,Clear
2020-06-30,STN001,Maple Ridge,49.22,-122.6,21.1,16.1,26.0,60.0,1.67,3.09,,0.0,1019.2,19.7,Clear
2020-07-01,STN002,Harborview,34.02,-118.49,26.3,22.7,29.9,58.0,3.72,5.66,3.2,0.0,1016.4,15.6,Rain
2020-07-02,STN005,Sunfield,29.76,-95.37,19.9,14.4,25.4,70.0,2.65,7.81,0.0,0.0,994.4,18.4,Clear
2020-07-03,STN003,Prairie Town,41.88,-87.63,29.3,22.5,36.1,59.0,2.49,4.0,9.5,0.0,1004.9,16.2,Rain
2020-07-04,STN003,Prairie Town,41.88,-87.63,25.5,20.5,30.4,75.0,1.07,6.85,0.0,0.0,1024.0,18.4,Clear
2020-07-05,STN003,Prairie Town,41.88,-87.63,23.1,17.7,28.4,60.0,1.55,3.38,0.0,0.0,1002.8,16.9,Clear
2020-07-06,STN004,Riverdale,45.5,-73.57,24.7,20.6,28.9,62.0,4.44,4.58,0.0,0.0,1019.6,16.9,Clear
2020-07-07,STN002,Harborview,34.02,-118.49,20.5,14.7,26.2,70.0,4.43,5.96,0.0,0.0,1018.2,17.1,Clear
2020-07-08,STN004,Riverdale,45.5,-73.57,26.5,19.5,33.4,60.0,3.36,4.39,0.0,0.0,1006.9,18.4,Clear
2020-07-09,STN005,Sunfield,29.76,-95.37,24.2,21.4,27.0,59.0,3.92,6.97,0.0,0.0,996.6,18.4,Clear
2020-07-10,STN003,Prairie Town,41.88,-87.63,22.7,19.7,25.7,54.0,0.96,1.63,0.0,0.0,1008.4,17.1,Clear
2020-07-11,STN003,Prairie Town,41.88,-87.63,21.8,17.1,26.5,62.0,5.5,9.25,0.0,0.0,1029.1,17.3,Clear
2020-07-12,STN001,Maple Ridge,49.22,-122.6,20.4,16.0,24.8,60.0,3.91,9.16,0.0,0.0,1005.7,17.4,Clear
2020-07-13,STN002,Harborview,34.02,-118.49,26.4,21.6,31.3,48.0,4.52,6.7,2.7,0.0,1006.2,17.3,Rain
2020-07-14,STN005,Sunfield,29.76,-95.37,25.7,23.4,27.9,56.0,1.8,2.81,0.0,0.0,1004.8,20.0,Clear
2020-07-15,STN003,Prairie Town,41.88,-87.63,25.0,20.9,29.0,55.0,4.33,6.73,7.8,0.0,1022.3,14.3,Rain
2020-07-16,STN002,Harborview,34.02,-118.49,24.1,19.2,29.0,67.0,4.38,9.09,0.0,0.0,1010.6,17.0,Clear
2020-07-17,STN003,Prairie Town,41.88,-87.63,24.4,19.5,29.3,67.0,2.66,6.21,0.0,0.0,1007.7,16.9,Clear
2020-07-18,STN003,Prairie Town,41.88,-87.63,21.5,16.2,26.8,60.0,7.88,8.49,0.0,0.0,1023.5,18.8,Clear
2020-07-19,STN003,Prairie Town,41.88,-87.63,29.4,23.8,35.0,55.0,2.67,5.89,3.1,0.0,1017.4,17.1,Rain
2020-07-20,STN004,Riverdale,45.5,-73.57,17.4,12.2,22.6,58.0,6.29,9.1,12.6,0.0,1005.0,12.3,Rain
2020-07-21,STN002,Harborview,34.02,-118.49,27.5,21.5,33.4,56.0,5.5,7.46,0.0,0.0,1002.7,18.0,Clear
2020-07-22,STN004,Riverdale,45.5,-73.57,26.0,20.9,31.1,64.0,6.47,7.13,1.7,0.0,1021.6,16.6,Light Rain
2020-07-23,STN003,Prairie Town,41.88,-87.63,19.8,15.1,24.5,74.0,3.22,9.11,0.0,0.0,1012.8,18.1,Clear
2020-07-24,STN005,Sunfield,29.76,-95.37,30.7,25.7,35.8,50.0,1.97,3.02,0.0,0.0,1000.4,20.0,Clear
2020-07-25,STN001,Maple Ridge,49.22,-122.6,24.0,21.5,26.5,71.0,1.79,2.95,0.0,0.0,998.6,18.4,Clear
2020-07-26,STN001,Maple Ridge,49.22,-122.6,23.9,20.5,27.2,53.0,4.93,5.81,,0.0,1003.6,17.4,Rain
2020-07-27,STN003,Prairie Town,41.88,-87.63,22.0,17.4,26.7,57.0,3.66,7.08,0.0,0.0,1002.7,17.6,Clear
2020-07-28,STN003,Prairie Town,41.88,-87.63,21.2,14.8,27.5,72.0,3.27,5.93,0.0,0.0,996.3,16.5,Clear
2020-07-29,STN004,Riverdale,45.5,-73.57,20.6,15.2,26.0,79.0,3.11,4.61,0.0,0.0,1003.9,18.4,Clear
2020-07-30,STN003,Prairie Town,41.88,-87.63,22.8,20.3,25.2,68.0,0.83,3.41,3.8,0.0,1005.6,17.1,Rain
2020-07-31,STN005,Sunfield,29.76,-95.37,27.5,22.6,,59.0,2.75,6.79,2.5,0.0,1009.0,16.8,Rain
2020-08-01,STN003,Prairie Town,41.88,-87.63,21.9,18.8,25.0,50.0,6.76,8.45,0.0,0.0,1025.9,19.7,Clear
2020-08-02,STN001,Maple Ridge,49.22,-122.6,17.4,11.8,23.1,57.0,4.18,9.67,0.0,0.0,1010.4,18.3,Clear
2020-08-03,STN001,Maple Ridge,49.22,-122.6,22.5,16.4,28.7,66.0,2.07,3.91,0.0,0.0,1011.5,18.8,Clear
2020-08-04,STN005,Sunfield,29.76,-95.37,25.6,20.6,30.6,59.0,5.61,6.8,1.0,0.0,1016.5,18.2,Light Rain
2020-08-05,STN001,Maple Ridge,49.22,-122.6,21.8,16.8,,58.0,4.46,10.18,0.0,0.0,1010.7,18.1,Clear
2020-08-06,STN005,Sunfield,29.76,-95.37,24.8,21.1,28.5,63.0,7.41,12.28,11.6,0.0,1015.5,12.5,Rain
2020-08-07,STN002,Harborview,34.02,-118.49,21.0,16.8,25.3,68.0,2.42,4.48,8.1,0.0,1015.0,14.6,Rain
2020-08-08,STN001,Maple Ridge,49.22,-122.6,16.6,10.3,23.0,79.0,2.1,7.15,0.0,0.0,1013.8,18.5,Clear
2020-08-09,STN002,Harborview,34.02,-118.49,19.0,13.4,24.6,70.0,6.28,9.4,0.0,0.0,1034.5,17.4,Clear
2020-08-10,STN004,Riverdale,45.5,-73.57,14.8,10.2,19.4,83.0,3.05,5.13,3.1,0.0,1020.0,16.7,Rain
2020-08-11,STN003,Prairie Town,41.88,-87.63,20.8,17.0,24.7,67.0,2.72,7.76,0.0,0.0,1004.1,16.9,Clear
2020-08-12,STN004,Riverdale,45.5,-73.57,19.2,17.0,21.5,68.0,4.59,9.1,,0.0,1015.5,16.8,Rain
2020-08-13,STN004,Riverdale,45.5,-73.57,18.0,,20.7,78.0,2.81,4.6,13.2,0.0,1006.4,12.7,Rain
2020-08-14,STN003,Prairie Town,41.88,-87.63,10.9,7.9,,72.0,2.05,5.69,0.0,0.0,1016.4,16.6,Clear
2020-08-15,STN004,Riverdale,45.5,-73.57,15.3,11.4,19.2,93.0,4.77,6.98,0.0,0.0,1001.5,17.0,Clear
2020-08-16,STN005,Sunfield,29.76,-95.37,24.6,17.9,31.3,,3.85,3.85,0.0,0.0,1003.8,19.0,Clear
2020-08-17,STN003,Prairie Town,41.88,-87.63,,12.8,21.8,74.0,1.66,7.44,0.0,0.0,1015.6,16.5,Clear
2020-08-18,STN001,Maple Ridge,49.22,-122.6,19.1,16.0,22.3,73.0,4.68,7.97,5.7,0.0,1020.5,14.5,Rain
2020-08-19,STN003,Prairie Town,41.88,-87.63,14.8,12.3,,87.0,1.71,5.3,0.0,0.0,1016.8,17.3,Clear
2020-08-20,STN005,Sunfield,29.76,-95.37,25.0,21.3,28.7,68.0,0.9,4.5,0.0,0.0,1019.7,20.0,Clear
2020-08-21,STN002,Harborview,34.02,-118.49,19.4,13.4,25.5,57.0,4.21,7.51,,0.0,1015.6,16.0,Rain
2020-08-22,STN005,Sunfield,29.76,-95.37,21.2,17.3,25.1,76.0,2.1,3.84,0.0,0.0,1014.2,18.2,Clear
2020-08-23,STN003,Prairie Town,41.88,-87.63,25.4,19.5,31.2,59.0,3.94,9.77,3.9,0.0,1008.6,16.9,Rain
2020-08-24,STN004,Riverdale,45.5,-73.57,22.2,16.2,28.3,66.0,10.69,14.42,0.0,0.0,1018.4,17.4,Clear
2020-08-25,STN002,Harborview,34.02,-118.49,18.3,15.8,20.9,61.0,7.36,11.38,0.0,0.0,1020.5,18.3,Clear
2020-08-26,STN005,Sunfield,29.76,-95.37,18.0,12.9,23.0,74.0,2.2,4.93,1.3,0.0,1012.3,16.8,Light Rain
2020-08-27,STN001,Maple Ridge,49.22,-122.6,15.7,8.9,22.5,69.0,2.53,4.26,0.0,0.0,1011.8,17.6,Clear
2020-08-28,STN002,Harborview,34.02,-118.49,20.3,16.3,24.3,68.0,4.62,5.0,8.3,0.0,1025.3,13.0,Rain
2020-08-29,STN003,Prairie Town,41.88,-87.63,17.1,14.9,19.4,69.0,0.3,2.4,0.0,0.0,1012.8,17.9,Clear
2020-08-30,STN003,Prairie Town,41.88,-87.63,16.1,9.5,22.7,86.0,3.95,5.01,4.7,0.0,1013.2,16.5,Rain
2020-08-31,STN003,Prairie Town,41.88,-87.63,21.5,15.1,27.9,80.0,2.35,6.33,4.4,0.0,1016.6,15.9,Rain
2020-09-01,STN001,Maple Ridge,49.22,-122.6,15.5,10.9,,74.0,4.22,9.5,0.0,0.0,1011.8,18.9,Clear
2020-09-02,STN002,Harborview,34.02,-118.49,24.9,20.1,29.6,63.0,4.52,6.34,0.0,0.0,1006.0,18.7,Clear
2020-09-03,STN001,Maple Ridge,49.22,-122.6,15.8,12.7,18.9,70.0,4.42,6.42,14.7,0.0,1015.6,12.0,Rain
2020-09-04,STN003,Prairie Town,41.88,-87.63,21.8,15.7,27.9,74.0,0.94,4.96,0.0,0.0,1012.6,17.2,Clear
2020-09-05,STN002,Harborview,34.02,-118.49,18.5,14.0,23.0,67.0,1.55,2.45,1.5,0.0,1027.6,16.9,Light Rain
2020-09-06,STN003,Prairie Town,41.88,-87.63,19.0,16.8,21.2,66.0,6.07,11.64,0.0,0.0,1018.7,16.5,Clear
2020-09-07,STN003,Prairie Town,41.88,-87.63,13.8,8.4,19.2,82.0,1.64,3.83,0.0,0.0,1008.1,17.3,Clear
2020-09-08,STN004,Riverdale,45.5,-73.57,12.7,5.9,19.4,73.0,3.39,3.99,8.5,0.0,1018.5,14.5,Rain
2020-09-09,STN003,Prairie Town,41.88,-87.63,17.0,10.8,23.1,71.0,5.73,6.77,0.0,0.0,1014.9,19.6,Clear
2020-09-10,STN004,Riverdale,45.5,-73.57,17.9,,21.3,59.0,0.63,6.23,,0.0,1023.4,18.7,Clear
2020-09-11,STN003,Prairie Town,41.88,-87.63,15.4,13.1,17.7,78.0,1.96,3.45,0.0,0.0,1008.6,16.8,Clear
2020-09-12,STN004,Riverdale,45.5,-73.57,10.7,,17.4,93.0,4.41,8.38,0.0,0.0,1014.1,15.8,Clear
2020-09-13,STN004,Riverdale,45.5,-73.57,10.3,3.6,17.0,85.0,1.55,2.48,0.0,0.0,1012.1,17.3,Clear
2020-09-14,STN002,Harborview,34.02,-118.49,11.7,7.0,16.3,88.0,3.81,4.97,0.0,0.0,1013.1,18.2,Clear
2020-09-15,STN002,Harborview,34.02,-118.49,10.5,5.3,15.7,74.0,5.67,10.95,0.0,0.0,1005.4,17.6,Clear
2020-09-16,STN004,Riverdale,45.5,-73.57,14.2,,18.5,77.0,3.99,4.88,0.0,0.0,1017.2,18.2,Clear
2020-09-17,STN002,Harborview,34.02,-118.49,18.8,14.7,22.9,63.0,5.94,6.06,0.0,0.0,1015.7,17.9,Clear
2020-09-18,STN003,Prairie Town,41.88,-87.63,14.0,11.4,16.6,74.0,2.55,5.56,0.0,0.0,1023.0,18.5,Clear
2020-09-19,STN001,Maple Ridge,49.22,-122.6,6.0,3.5,8.5,90.0,4.79,9.96,0.0,0.0,1012.4,15.7,Clear
2020-09-20,STN003,Prairie Town,41.88,-87.63,13.2,10.0,16.3,77.0,5.83,7.78,0.0,0.0,1009.1,19.3,Clear
2020-09-21,STN003,Prairie Town,41.88,-87.63,13.1,6.9,19.3,66.0,2.4,3.17,0.0,0.0,1019.1,16.9,Clear
2020-09-22,STN004,Riverdale,45.5,-73.57,19.1,16.4,21.9,60.0,5.82,11.71,0.0,0.0,1006.1,19.0,Clear
2020-09-23,STN003,Prairie Town,41.88,-87.63,8.8,5.7,12.0,72.0,1.35,5.41,0.0,0.0,1021.5,17.6,Clear
2020-09-24,STN002,Harborview,34.02,-118.49,13.1,8.3,17.8,80.0,3.92,9.03,0.0,0.0,1021.3,17.5,Clear
2020-09-25,STN005,Sunfield,29.76,-95.37,19.8,16.7,22.9,83.0,1.74,6.26,0.0,0.0,1022.9,17.3,Clear
2020-09-26,STN003,Prairie Town,41.88,-87.63,14.1,11.2,16.9,85.0,4.69,8.87,0.0,0.0,1015.5,17.7,Clear
